#
# There is insufficient memory for the Java Runtime Environment to continue.
# Native memory allocation (mmap) failed to map 583008256 bytes. Error detail: G1 virtual space
# Possible reasons:
#   The system is out of physical RAM or swap space
#   This process is running with CompressedOops enabled, and the Java Heap may be blocking the growth of the native heap
# Possible solutions:
#   Reduce memory load on the system
#   Increase physical memory or swap space
#   Check if swap backing store is full
#   Decrease Java heap size (-Xmx/-Xms)
#   Decrease number of Java threads
#   Decrease Java thread stack sizes (-Xss)
#   Set larger code cache with -XX:ReservedCodeCacheSize=
#   JVM is running with Unscaled Compressed Oops mode in which the Java heap is
#     placed in the first 4GB address space. The Java Heap base address is the
#     maximum limit for the native heap growth. Please use -XX:HeapBaseMinAddress
#     to set the Java Heap base and to place the Java Heap above 4GB virtual address.
# This output file may be truncated or incomplete.
#
#  Out of Memory Error (os_windows.cpp:3926), pid=30152, tid=18304
#
# JRE version: OpenJDK Runtime Environment (21.0.10) (build 21.0.10+-14961533-b1163.108)
# Java VM: OpenJDK 64-Bit Server VM (21.0.10+-14961533-b1163.108, mixed mode, tiered, compressed oops, compressed class ptrs, g1 gc, windows-amd64)
# No core dump will be written. Minidumps are not enabled by default on client versions of Windows
#

---------------  S U M M A R Y ------------

Command Line: --add-opens=java.base/java.lang=ALL-UNNAMED --add-opens=java.base/java.lang.invoke=ALL-UNNAMED --add-opens=java.base/java.util=ALL-UNNAMED --add-opens=java.prefs/java.util.prefs=ALL-UNNAMED --add-exports=jdk.compiler/com.sun.tools.javac.api=ALL-UNNAMED --add-exports=jdk.compiler/com.sun.tools.javac.util=ALL-UNNAMED --add-opens=java.base/java.util=ALL-UNNAMED --add-opens=java.prefs/java.util.prefs=ALL-UNNAMED --add-opens=java.base/java.nio.charset=ALL-UNNAMED --add-opens=java.base/java.net=ALL-UNNAMED --add-opens=java.base/java.util.concurrent.atomic=ALL-UNNAMED --add-opens=java.xml/javax.xml.namespace=ALL-UNNAMED -XX:MaxMetaspaceSize=512m -Xmx2048m -Dfile.encoding=UTF-8 -Duser.country=US -Duser.language=en -Duser.variant -javaagent:C:\Users\Aamir\.gradle\wrapper\dists\gradle-8.13-bin\5xuhj0ry160q40clulazy9h7d\gradle-8.13\lib\agents\gradle-instrumentation-agent-8.13.jar org.gradle.launcher.daemon.bootstrap.GradleDaemon 8.13

Host: Intel(R) Core(TM) i5-10210U CPU @ 1.60GHz, 8 cores, 15G,  Windows 11 , 64 bit Build 26100 (10.0.26100.8246)
Time: Mon May 18 01:31:04 2026 Pakistan Standard Time elapsed time: 113.127127 seconds (0d 0h 1m 53s)

---------------  T H R E A D  ---------------

Current thread (0x00000144c491cef0):  VMThread "VM Thread"          [id=18304, stack(0x0000002e20900000,0x0000002e20a00000) (1024K)]

Stack: [0x0000002e20900000,0x0000002e20a00000]
Native frames: (J=compiled Java code, j=interpreted, Vv=VM code, C=native code)
V  [jvm.dll+0x6d78a9]
V  [jvm.dll+0x8665b3]
V  [jvm.dll+0x868bde]
V  [jvm.dll+0x8692c3]
V  [jvm.dll+0x280ee6]
V  [jvm.dll+0x6d4165]
V  [jvm.dll+0x6c77fa]
V  [jvm.dll+0x358f4b]
V  [jvm.dll+0x360bc6]
V  [jvm.dll+0x3b2ea6]
V  [jvm.dll+0x3b3178]
V  [jvm.dll+0x32b65c]
V  [jvm.dll+0x32b6e7]
V  [jvm.dll+0x3715cc]
V  [jvm.dll+0x36fd7e]
V  [jvm.dll+0x32adb1]
V  [jvm.dll+0x36f480]
V  [jvm.dll+0x86f048]
V  [jvm.dll+0x870394]
V  [jvm.dll+0x8708d0]
V  [jvm.dll+0x870b63]
V  [jvm.dll+0x80fd28]
V  [jvm.dll+0x6d60fd]
C  [ucrtbase.dll+0x37b0]
C  [KERNEL32.DLL+0x2e8d7]
C  [ntdll.dll+0x8c3fc]

VM_Operation (0x0000002e249fa880): G1CollectForAllocation, mode: safepoint, requested by thread 0x00000144cd71b2e0


---------------  P R O C E S S  ---------------

Threads class SMR info:
_java_thread_list=0x00000144d24e1d20, length=144, elements={
0x00000144ad17db10, 0x00000144c499d9c0, 0x00000144c499e580, 0x00000144c499ebf0,
0x00000144c499f870, 0x00000144c499fee0, 0x00000144c49a0550, 0x00000144c49debc0,
0x00000144c49aa270, 0x00000144c49e54d0, 0x00000144c49dd180, 0x00000144c49dd810,
0x00000144c49dcaf0, 0x00000144c49de530, 0x00000144c49dbdd0, 0x00000144c49dc460,
0x00000144c49ddea0, 0x00000144cb9398f0, 0x00000144cb93b9c0, 0x00000144cb93cd70,
0x00000144cb93c050, 0x00000144cb93a610, 0x00000144cb93aca0, 0x00000144cb93c6e0,
0x00000144cb939f80, 0x00000144cb93f4d0, 0x00000144cb93fb60, 0x00000144cb940880,
0x00000144cb940f10, 0x00000144cb93da90, 0x00000144cb93e7b0, 0x00000144cc2a11a0,
0x00000144cc29f0d0, 0x00000144cc29e3b0, 0x00000144c916a870, 0x00000144c916bc20,
0x00000144cc55d2a0, 0x00000144cc55c580, 0x00000144cc55cc10, 0x00000144cc561ad0,
0x00000144d1bef830, 0x00000144d1bf2cb0, 0x00000144d1bf1f90, 0x00000144d1bf3340,
0x00000144d1bf39d0, 0x00000144d1bf46f0, 0x00000144d1bf4d80, 0x00000144cc561440,
0x00000144cc560090, 0x00000144cc560db0, 0x00000144cc2a2550, 0x00000144cd718b80,
0x00000144cd71b970, 0x00000144cd71c690, 0x00000144cd71b2e0, 0x00000144cf6ff840,
0x00000144cf6fc3c0, 0x00000144cf700560, 0x00000144cf702630, 0x00000144cf702cc0,
0x00000144cf701910, 0x00000144cf701fa0, 0x00000144cd71ac50, 0x00000144c9fcf140,
0x00000144e13351b0, 0x00000144e133b420, 0x00000144e133a070, 0x00000144e1338630,
0x00000144e133ad90, 0x00000144e1339350, 0x00000144e1338cc0, 0x00000144e133bab0,
0x00000144e133a700, 0x00000144e133c140, 0x00000144e133ce60, 0x00000144e133c7d0,
0x00000144e13399e0, 0x00000144e133d4f0, 0x00000144e1341000, 0x00000144e133f5c0,
0x00000144e133e8a0, 0x00000144e133fc50, 0x00000144e133e210, 0x00000144e133db80,
0x00000144e13423b0, 0x00000144e13402e0, 0x00000144e1341690, 0x00000144e133ef30,
0x00000144e1341d20, 0x00000144e2838f20, 0x00000144e2838200, 0x00000144e28395b0,
0x00000144e283dde0, 0x00000144e283eb00, 0x00000144e283f190, 0x00000144e283bd10,
0x00000144e283f820, 0x00000144e283c3a0, 0x00000144e2840bd0, 0x00000144e283feb0,
0x00000144e2840540, 0x00000144e28418f0, 0x00000144e2841f80, 0x00000144cf6fd0e0,
0x00000144cf6fde00, 0x00000144cf6fd770, 0x00000144cf6feb20, 0x00000144cf6fe490,
0x00000144cf6ff1b0, 0x00000144cf6fbd30, 0x00000144cf703350, 0x00000144cf700bf0,
0x00000144cf6ffed0, 0x00000144cf701280, 0x00000144c9fd53b0, 0x00000144ca0ebfc0,
0x00000144ca0ec650, 0x00000144cb1686f0, 0x00000144cd9b8ec0, 0x00000144c9fd2c50,
0x00000144c9fd25c0, 0x00000144cb16a7c0, 0x00000144cd9b81a0, 0x00000144ce767c60,
0x00000144ce7682f0, 0x00000144cd9b9550, 0x00000144cd9b8830, 0x00000144cc0dc1e0,
0x00000144d1150ed0, 0x00000144d1150840, 0x00000144d1151bf0, 0x00000144d1151560,
0x00000144e1d8c020, 0x00000144e1d8b300, 0x00000144e1d8b990, 0x00000144db77e7c0,
0x00000144db77ee50, 0x00000144db77daa0, 0x00000144d237d640, 0x00000144d237e360,
0x00000144d237dcd0, 0x00000144d237e9f0, 0x00000144e16294d0, 0x00000144ca208910
}

Java Threads: ( => current thread )
  0x00000144ad17db10 JavaThread "main"                              [_thread_blocked, id=11548, stack(0x0000002e20200000,0x0000002e20300000) (1024K)]
  0x00000144c499d9c0 JavaThread "Common-Cleaner"             daemon [_thread_blocked, id=32072, stack(0x0000002e20a00000,0x0000002e20b00000) (1024K)]
  0x00000144c499e580 JavaThread "Reference Handler"          daemon [_thread_blocked, id=18668, stack(0x0000002e20b00000,0x0000002e20c00000) (1024K)]
  0x00000144c499ebf0 JavaThread "Finalizer"                  daemon [_thread_blocked, id=26760, stack(0x0000002e20c00000,0x0000002e20d00000) (1024K)]
  0x00000144c499f870 JavaThread "Signal Dispatcher"          daemon [_thread_blocked, id=26156, stack(0x0000002e20d00000,0x0000002e20e00000) (1024K)]
  0x00000144c499fee0 JavaThread "Attach Listener"            daemon [_thread_blocked, id=17544, stack(0x0000002e20e00000,0x0000002e20f00000) (1024K)]
  0x00000144c49a0550 JavaThread "Service Thread"             daemon [_thread_blocked, id=27448, stack(0x0000002e20f00000,0x0000002e21000000) (1024K)]
  0x00000144c49debc0 JavaThread "Monitor Deflation Thread"   daemon [_thread_blocked, id=14772, stack(0x0000002e21000000,0x0000002e21100000) (1024K)]
  0x00000144c49aa270 JavaThread "C2 CompilerThread0"         daemon [_thread_blocked, id=14968, stack(0x0000002e21100000,0x0000002e21200000) (1024K)]
  0x00000144c49e54d0 JavaThread "C1 CompilerThread0"         daemon [_thread_blocked, id=4944, stack(0x0000002e21200000,0x0000002e21300000) (1024K)]
  0x00000144c49dd180 JavaThread "Notification Thread"        daemon [_thread_blocked, id=24084, stack(0x0000002e21300000,0x0000002e21400000) (1024K)]
  0x00000144c49dd810 JavaThread "Daemon health stats"               [_thread_blocked, id=16016, stack(0x0000002e21b00000,0x0000002e21c00000) (1024K)]
  0x00000144c49dcaf0 JavaThread "Incoming local TCP Connector on port 54814"        [_thread_in_native, id=7344, stack(0x0000002e21c00000,0x0000002e21d00000) (1024K)]
  0x00000144c49de530 JavaThread "Daemon periodic checks"            [_thread_blocked, id=20780, stack(0x0000002e21d00000,0x0000002e21e00000) (1024K)]
  0x00000144c49dbdd0 JavaThread "Daemon"                            [_thread_blocked, id=29616, stack(0x0000002e21e00000,0x0000002e21f00000) (1024K)]
  0x00000144c49dc460 JavaThread "Handler for socket connection from /127.0.0.1:54814 to /127.0.0.1:54815"        [_thread_in_native, id=7248, stack(0x0000002e21f00000,0x0000002e22000000) (1024K)]
  0x00000144c49ddea0 JavaThread "Cancel handler"                    [_thread_blocked, id=10204, stack(0x0000002e22000000,0x0000002e22100000) (1024K)]
  0x00000144cb9398f0 JavaThread "Daemon worker"                     [_thread_blocked, id=13580, stack(0x0000002e22100000,0x0000002e22200000) (1024K)]
  0x00000144cb93b9c0 JavaThread "Asynchronous log dispatcher for DefaultDaemonConnection: socket connection from /127.0.0.1:54814 to /127.0.0.1:54815"        [_thread_blocked, id=31824, stack(0x0000002e22200000,0x0000002e22300000) (1024K)]
  0x00000144cb93cd70 JavaThread "Stdin handler"                     [_thread_blocked, id=24224, stack(0x0000002e22300000,0x0000002e22400000) (1024K)]
  0x00000144cb93c050 JavaThread "Daemon client event forwarder"        [_thread_blocked, id=25144, stack(0x0000002e22400000,0x0000002e22500000) (1024K)]
  0x00000144cb93a610 JavaThread "Cache worker for journal cache (C:\Users\Aamir\.gradle\caches\journal-1)"        [_thread_blocked, id=29068, stack(0x0000002e22800000,0x0000002e22900000) (1024K)]
  0x00000144cb93aca0 JavaThread "File lock request listener"        [_thread_in_native, id=24556, stack(0x0000002e22900000,0x0000002e22a00000) (1024K)]
  0x00000144cb93c6e0 JavaThread "Cache worker for file hash cache (C:\Users\Aamir\.gradle\caches\8.13\fileHashes)"        [_thread_blocked, id=19840, stack(0x0000002e22a00000,0x0000002e22b00000) (1024K)]
  0x00000144cb939f80 JavaThread "Cache worker for file hash cache (D:\Aamir Data\Fixit\Fixit\android\.gradle\8.13\fileHashes)"        [_thread_blocked, id=20756, stack(0x0000002e22b00000,0x0000002e22c00000) (1024K)]
  0x00000144cb93f4d0 JavaThread "Cache worker for Build Output Cleanup Cache (D:\Aamir Data\Fixit\Fixit\android\.gradle\buildOutputCleanup)"        [_thread_blocked, id=7236, stack(0x0000002e22c00000,0x0000002e22d00000) (1024K)]
  0x00000144cb93fb60 JavaThread "File watcher server"        daemon [_thread_in_native, id=4716, stack(0x0000002e22d00000,0x0000002e22e00000) (1024K)]
  0x00000144cb940880 JavaThread "File watcher consumer"      daemon [_thread_blocked, id=29292, stack(0x0000002e22e00000,0x0000002e22f00000) (1024K)]
  0x00000144cb940f10 JavaThread "jar transforms"                    [_thread_blocked, id=32448, stack(0x0000002e21400000,0x0000002e21500000) (1024K)]
  0x00000144cb93da90 JavaThread "Cache worker for checksums cache (D:\Aamir Data\Fixit\Fixit\android\.gradle\8.13\checksums)"        [_thread_blocked, id=13264, stack(0x0000002e21a00000,0x0000002e21b00000) (1024K)]
  0x00000144cb93e7b0 JavaThread "Cache worker for file content cache (C:\Users\Aamir\.gradle\caches\8.13\fileContent)"        [_thread_blocked, id=12196, stack(0x0000002e22f00000,0x0000002e23000000) (1024K)]
  0x00000144cc2a11a0 JavaThread "Cache worker for cache directory md-supplier (C:\Users\Aamir\.gradle\caches\8.13\md-supplier)"        [_thread_blocked, id=19388, stack(0x0000002e23200000,0x0000002e23300000) (1024K)]
  0x00000144cc29f0d0 JavaThread "Cache worker for cache directory md-rule (C:\Users\Aamir\.gradle\caches\8.13\md-rule)"        [_thread_blocked, id=30700, stack(0x0000002e23100000,0x0000002e23200000) (1024K)]
  0x00000144cc29e3b0 JavaThread "Cache worker for Build Output Cleanup Cache (D:\Aamir Data\Fixit\Fixit\node_modules\@react-native\gradle-plugin\.gradle\buildOutputCleanup)"        [_thread_blocked, id=22648, stack(0x0000002e23300000,0x0000002e23400000) (1024K)]
  0x00000144c916a870 JavaThread "Unconstrained build operations"        [_thread_blocked, id=24332, stack(0x0000002e23400000,0x0000002e23500000) (1024K)]
  0x00000144c916bc20 JavaThread "Unconstrained build operations Thread 2"        [_thread_blocked, id=14568, stack(0x0000002e23500000,0x0000002e23600000) (1024K)]
  0x00000144cc55d2a0 JavaThread "Unconstrained build operations Thread 3"        [_thread_blocked, id=28496, stack(0x0000002e23600000,0x0000002e23700000) (1024K)]
  0x00000144cc55c580 JavaThread "Unconstrained build operations Thread 4"        [_thread_blocked, id=24124, stack(0x0000002e23700000,0x0000002e23800000) (1024K)]
  0x00000144cc55cc10 JavaThread "Unconstrained build operations Thread 5"        [_thread_blocked, id=23488, stack(0x0000002e23800000,0x0000002e23900000) (1024K)]
  0x00000144cc561ad0 JavaThread "Unconstrained build operations Thread 6"        [_thread_blocked, id=32476, stack(0x0000002e23900000,0x0000002e23a00000) (1024K)]
  0x00000144d1bef830 JavaThread "Kotlin DSL Writer"                 [_thread_blocked, id=11200, stack(0x0000002e20100000,0x0000002e20200000) (1024K)]
  0x00000144d1bf2cb0 JavaThread "Unconstrained build operations Thread 7"        [_thread_blocked, id=31284, stack(0x0000002e23000000,0x0000002e23100000) (1024K)]
  0x00000144d1bf1f90 JavaThread "Unconstrained build operations Thread 8"        [_thread_blocked, id=22608, stack(0x0000002e23a00000,0x0000002e23b00000) (1024K)]
  0x00000144d1bf3340 JavaThread "Unconstrained build operations Thread 9"        [_thread_blocked, id=22616, stack(0x0000002e23c00000,0x0000002e23d00000) (1024K)]
  0x00000144d1bf39d0 JavaThread "Unconstrained build operations Thread 10"        [_thread_blocked, id=5148, stack(0x0000002e23d00000,0x0000002e23e00000) (1024K)]
  0x00000144d1bf46f0 JavaThread "Unconstrained build operations Thread 11"        [_thread_blocked, id=16936, stack(0x0000002e23e00000,0x0000002e23f00000) (1024K)]
  0x00000144d1bf4d80 JavaThread "Unconstrained build operations Thread 12"        [_thread_blocked, id=30732, stack(0x0000002e23f00000,0x0000002e24000000) (1024K)]
  0x00000144cc561440 JavaThread "Unconstrained build operations Thread 13"        [_thread_blocked, id=6716, stack(0x0000002e24000000,0x0000002e24100000) (1024K)]
  0x00000144cc560090 JavaThread "Unconstrained build operations Thread 14"        [_thread_blocked, id=26384, stack(0x0000002e24100000,0x0000002e24200000) (1024K)]
  0x00000144cc560db0 JavaThread "Unconstrained build operations Thread 15"        [_thread_blocked, id=20916, stack(0x0000002e24200000,0x0000002e24300000) (1024K)]
  0x00000144cc2a2550 JavaThread "Unconstrained build operations Thread 16"        [_thread_blocked, id=11844, stack(0x0000002e24300000,0x0000002e24400000) (1024K)]
  0x00000144cd718b80 JavaThread "Unconstrained build operations Thread 17"        [_thread_blocked, id=10256, stack(0x0000002e24400000,0x0000002e24500000) (1024K)]
  0x00000144cd71b970 JavaThread "Unconstrained build operations Thread 18"        [_thread_blocked, id=14860, stack(0x0000002e24500000,0x0000002e24600000) (1024K)]
  0x00000144cd71c690 JavaThread "Unconstrained build operations Thread 19"        [_thread_blocked, id=25484, stack(0x0000002e24600000,0x0000002e24700000) (1024K)]
  0x00000144cd71b2e0 JavaThread "Unconstrained build operations Thread 20"        [_thread_blocked, id=17596, stack(0x0000002e24900000,0x0000002e24a00000) (1024K)]
  0x00000144cf6ff840 JavaThread "Unconstrained build operations Thread 21"        [_thread_blocked, id=15932, stack(0x0000002e24a00000,0x0000002e24b00000) (1024K)]
  0x00000144cf6fc3c0 JavaThread "Unconstrained build operations Thread 22"        [_thread_blocked, id=30488, stack(0x0000002e24b00000,0x0000002e24c00000) (1024K)]
  0x00000144cf700560 JavaThread "Unconstrained build operations Thread 23"        [_thread_blocked, id=17068, stack(0x0000002e24c00000,0x0000002e24d00000) (1024K)]
  0x00000144cf702630 JavaThread "Unconstrained build operations Thread 24"        [_thread_blocked, id=17280, stack(0x0000002e24d00000,0x0000002e24e00000) (1024K)]
  0x00000144cf702cc0 JavaThread "Unconstrained build operations Thread 25"        [_thread_blocked, id=7608, stack(0x0000002e24e00000,0x0000002e24f00000) (1024K)]
  0x00000144cf701910 JavaThread "Unconstrained build operations Thread 26"        [_thread_blocked, id=25304, stack(0x0000002e24f00000,0x0000002e25000000) (1024K)]
  0x00000144cf701fa0 JavaThread "Unconstrained build operations Thread 27"        [_thread_blocked, id=31728, stack(0x0000002e25000000,0x0000002e25100000) (1024K)]
  0x00000144cd71ac50 JavaThread "build event listener"              [_thread_blocked, id=29960, stack(0x0000002e24800000,0x0000002e24900000) (1024K)]
  0x00000144c9fcf140 JavaThread "Memory manager"                    [_thread_blocked, id=17084, stack(0x0000002e24700000,0x0000002e24800000) (1024K)]
  0x00000144e13351b0 JavaThread "ForkJoinPool.commonPool-worker-1" daemon [_thread_blocked, id=5480, stack(0x0000002e25400000,0x0000002e25500000) (1024K)]
  0x00000144e133b420 JavaThread "ForkJoinPool.commonPool-worker-2" daemon [_thread_blocked, id=25480, stack(0x0000002e25500000,0x0000002e25600000) (1024K)]
  0x00000144e133a070 JavaThread "ForkJoinPool.commonPool-worker-3" daemon [_thread_blocked, id=29304, stack(0x0000002e25600000,0x0000002e25700000) (1024K)]
  0x00000144e1338630 JavaThread "ForkJoinPool.commonPool-worker-4" daemon [_thread_blocked, id=20276, stack(0x0000002e25700000,0x0000002e25800000) (1024K)]
  0x00000144e133ad90 JavaThread "ForkJoinPool.commonPool-worker-5" daemon [_thread_blocked, id=32084, stack(0x0000002e25800000,0x0000002e25900000) (1024K)]
  0x00000144e1339350 JavaThread "ForkJoinPool.commonPool-worker-6" daemon [_thread_blocked, id=12264, stack(0x0000002e25900000,0x0000002e25a00000) (1024K)]
  0x00000144e1338cc0 JavaThread "ForkJoinPool.commonPool-worker-7" daemon [_thread_blocked, id=20252, stack(0x0000002e25a00000,0x0000002e25b00000) (1024K)]
  0x00000144e133bab0 JavaThread "Exec process"                      [_thread_blocked, id=29888, stack(0x0000002e25b00000,0x0000002e25c00000) (1024K)]
  0x00000144e133a700 JavaThread "Exec process Thread 2"             [_thread_blocked, id=25704, stack(0x0000002e25c00000,0x0000002e25d00000) (1024K)]
  0x00000144e133c140 JavaThread "Exec process Thread 3"             [_thread_blocked, id=26816, stack(0x0000002e25d00000,0x0000002e25e00000) (1024K)]
  0x00000144e133ce60 JavaThread "included builds"                   [_thread_blocked, id=12100, stack(0x0000002e25100000,0x0000002e25200000) (1024K)]
  0x00000144e133c7d0 JavaThread "Execution worker"                  [_thread_blocked, id=27004, stack(0x0000002e25e00000,0x0000002e25f00000) (1024K)]
  0x00000144e13399e0 JavaThread "Execution worker Thread 2"         [_thread_blocked, id=18236, stack(0x0000002e25f00000,0x0000002e26000000) (1024K)]
  0x00000144e133d4f0 JavaThread "Execution worker Thread 3"         [_thread_blocked, id=33540, stack(0x0000002e26000000,0x0000002e26100000) (1024K)]
  0x00000144e1341000 JavaThread "Execution worker Thread 4"         [_thread_blocked, id=28428, stack(0x0000002e26100000,0x0000002e26200000) (1024K)]
  0x00000144e133f5c0 JavaThread "Execution worker Thread 5"         [_thread_blocked, id=9932, stack(0x0000002e26200000,0x0000002e26300000) (1024K)]
  0x00000144e133e8a0 JavaThread "Execution worker Thread 6"         [_thread_blocked, id=7908, stack(0x0000002e26300000,0x0000002e26400000) (1024K)]
  0x00000144e133fc50 JavaThread "Execution worker Thread 7"         [_thread_blocked, id=14368, stack(0x0000002e26400000,0x0000002e26500000) (1024K)]
  0x00000144e133e210 JavaThread "Cache worker for execution history cache (D:\Aamir Data\Fixit\Fixit\node_modules\@react-native\gradle-plugin\.gradle\8.13\executionHistory)"        [_thread_blocked, id=28012, stack(0x0000002e26500000,0x0000002e26600000) (1024K)]
  0x00000144e133db80 JavaThread "Unconstrained build operations Thread 28"        [_thread_blocked, id=5240, stack(0x0000002e26600000,0x0000002e26700000) (1024K)]
  0x00000144e13423b0 JavaThread "Unconstrained build operations Thread 29"        [_thread_blocked, id=33076, stack(0x0000002e26700000,0x0000002e26800000) (1024K)]
  0x00000144e13402e0 JavaThread "Unconstrained build operations Thread 30"        [_thread_blocked, id=29828, stack(0x0000002e26800000,0x0000002e26900000) (1024K)]
  0x00000144e1341690 JavaThread "Unconstrained build operations Thread 31"        [_thread_blocked, id=30768, stack(0x0000002e1ff00000,0x0000002e20000000) (1024K)]
  0x00000144e133ef30 JavaThread "Unconstrained build operations Thread 32"        [_thread_blocked, id=28692, stack(0x0000002e26900000,0x0000002e26a00000) (1024K)]
  0x00000144e1341d20 JavaThread "Unconstrained build operations Thread 33"        [_thread_blocked, id=15976, stack(0x0000002e26a00000,0x0000002e26b00000) (1024K)]
  0x00000144e2838f20 JavaThread "Unconstrained build operations Thread 34"        [_thread_blocked, id=28272, stack(0x0000002e26b00000,0x0000002e26c00000) (1024K)]
  0x00000144e2838200 JavaThread "Unconstrained build operations Thread 35"        [_thread_blocked, id=30492, stack(0x0000002e26c00000,0x0000002e26d00000) (1024K)]
  0x00000144e28395b0 JavaThread "Unconstrained build operations Thread 36"        [_thread_blocked, id=20484, stack(0x0000002e26d00000,0x0000002e26e00000) (1024K)]
  0x00000144e283dde0 JavaThread "Unconstrained build operations Thread 37"        [_thread_blocked, id=2632, stack(0x0000002e26e00000,0x0000002e26f00000) (1024K)]
  0x00000144e283eb00 JavaThread "Unconstrained build operations Thread 38"        [_thread_blocked, id=29076, stack(0x0000002e26f00000,0x0000002e27000000) (1024K)]
  0x00000144e283f190 JavaThread "Unconstrained build operations Thread 39"        [_thread_blocked, id=19824, stack(0x0000002e27000000,0x0000002e27100000) (1024K)]
  0x00000144e283bd10 JavaThread "Unconstrained build operations Thread 40"        [_thread_blocked, id=31608, stack(0x0000002e27100000,0x0000002e27200000) (1024K)]
  0x00000144e283f820 JavaThread "Unconstrained build operations Thread 41"        [_thread_blocked, id=24600, stack(0x0000002e27200000,0x0000002e27300000) (1024K)]
  0x00000144e283c3a0 JavaThread "Unconstrained build operations Thread 42"        [_thread_blocked, id=25256, stack(0x0000002e27300000,0x0000002e27400000) (1024K)]
  0x00000144e2840bd0 JavaThread "Unconstrained build operations Thread 43"        [_thread_blocked, id=18884, stack(0x0000002e27400000,0x0000002e27500000) (1024K)]
  0x00000144e283feb0 JavaThread "Unconstrained build operations Thread 44"        [_thread_blocked, id=24804, stack(0x0000002e20000000,0x0000002e20100000) (1024K)]
  0x00000144e2840540 JavaThread "Unconstrained build operations Thread 45"        [_thread_blocked, id=12780, stack(0x0000002e27500000,0x0000002e27600000) (1024K)]
  0x00000144e28418f0 JavaThread "Unconstrained build operations Thread 46"        [_thread_blocked, id=22524, stack(0x0000002e27600000,0x0000002e27700000) (1024K)]
  0x00000144e2841f80 JavaThread "Unconstrained build operations Thread 47"        [_thread_blocked, id=26280, stack(0x0000002e27700000,0x0000002e27800000) (1024K)]
  0x00000144cf6fd0e0 JavaThread "Unconstrained build operations Thread 48"        [_thread_blocked, id=5116, stack(0x0000002e27800000,0x0000002e27900000) (1024K)]
  0x00000144cf6fde00 JavaThread "Unconstrained build operations Thread 49"        [_thread_blocked, id=19120, stack(0x0000002e27900000,0x0000002e27a00000) (1024K)]
  0x00000144cf6fd770 JavaThread "Unconstrained build operations Thread 50"        [_thread_blocked, id=30244, stack(0x0000002e27a00000,0x0000002e27b00000) (1024K)]
  0x00000144cf6feb20 JavaThread "Unconstrained build operations Thread 51"        [_thread_blocked, id=21676, stack(0x0000002e27b00000,0x0000002e27c00000) (1024K)]
  0x00000144cf6fe490 JavaThread "Unconstrained build operations Thread 52"        [_thread_blocked, id=33428, stack(0x0000002e27c00000,0x0000002e27d00000) (1024K)]
  0x00000144cf6ff1b0 JavaThread "Unconstrained build operations Thread 53"        [_thread_blocked, id=1172, stack(0x0000002e27d00000,0x0000002e27e00000) (1024K)]
  0x00000144cf6fbd30 JavaThread "Unconstrained build operations Thread 54"        [_thread_blocked, id=5604, stack(0x0000002e27e00000,0x0000002e27f00000) (1024K)]
  0x00000144cf703350 JavaThread "Unconstrained build operations Thread 55"        [_thread_blocked, id=5964, stack(0x0000002e27f00000,0x0000002e28000000) (1024K)]
  0x00000144cf700bf0 JavaThread "Unconstrained build operations Thread 56"        [_thread_blocked, id=27556, stack(0x0000002e28000000,0x0000002e28100000) (1024K)]
  0x00000144cf6ffed0 JavaThread "Unconstrained build operations Thread 57"        [_thread_blocked, id=7828, stack(0x0000002e28100000,0x0000002e28200000) (1024K)]
  0x00000144cf701280 JavaThread "Unconstrained build operations Thread 58"        [_thread_blocked, id=18872, stack(0x0000002e28200000,0x0000002e28300000) (1024K)]
  0x00000144c9fd53b0 JavaThread "Unconstrained build operations Thread 59"        [_thread_blocked, id=8040, stack(0x0000002e28300000,0x0000002e28400000) (1024K)]
  0x00000144ca0ebfc0 JavaThread "Unconstrained build operations Thread 60"        [_thread_blocked, id=16184, stack(0x0000002e28400000,0x0000002e28500000) (1024K)]
  0x00000144ca0ec650 JavaThread "Unconstrained build operations Thread 61"        [_thread_blocked, id=8472, stack(0x0000002e28500000,0x0000002e28600000) (1024K)]
  0x00000144cb1686f0 JavaThread "Unconstrained build operations Thread 62"        [_thread_blocked, id=6720, stack(0x0000002e28600000,0x0000002e28700000) (1024K)]
  0x00000144cd9b8ec0 JavaThread "Unconstrained build operations Thread 63"        [_thread_blocked, id=26548, stack(0x0000002e28700000,0x0000002e28800000) (1024K)]
  0x00000144c9fd2c50 JavaThread "Unconstrained build operations Thread 64"        [_thread_blocked, id=19652, stack(0x0000002e28800000,0x0000002e28900000) (1024K)]
  0x00000144c9fd25c0 JavaThread "Unconstrained build operations Thread 65"        [_thread_blocked, id=9072, stack(0x0000002e28900000,0x0000002e28a00000) (1024K)]
  0x00000144cb16a7c0 JavaThread "Unconstrained build operations Thread 66"        [_thread_blocked, id=4968, stack(0x0000002e28a00000,0x0000002e28b00000) (1024K)]
  0x00000144cd9b81a0 JavaThread "WorkerExecutor Queue"              [_thread_blocked, id=32196, stack(0x0000002e28c00000,0x0000002e28d00000) (1024K)]
  0x00000144ce767c60 JavaThread "RMI Scheduler(0)"           daemon [_thread_blocked, id=10932, stack(0x0000002e28d00000,0x0000002e28e00000) (1024K)]
  0x00000144ce7682f0 JavaThread "RMI GC Daemon"              daemon [_thread_blocked, id=26744, stack(0x0000002e28f00000,0x0000002e29000000) (1024K)]
  0x00000144cd9b9550 JavaThread "RMI TCP Accept-0"           daemon [_thread_in_native, id=30656, stack(0x0000002e29000000,0x0000002e29100000) (1024K)]
  0x00000144cd9b8830 JavaThread "RMI Reaper"                        [_thread_blocked, id=21148, stack(0x0000002e29100000,0x0000002e29200000) (1024K)]
  0x00000144cc0dc1e0 JavaThread "RMI TCP Connection(1)-127.0.0.1" daemon [_thread_in_native, id=21032, stack(0x0000002e29200000,0x0000002e29300000) (1024K)]
  0x00000144d1150ed0 JavaThread "Unconstrained build operations Thread 67"        [_thread_blocked, id=23576, stack(0x0000002e29400000,0x0000002e29500000) (1024K)]
  0x00000144d1150840 JavaThread "Unconstrained build operations Thread 68"        [_thread_blocked, id=27156, stack(0x0000002e29500000,0x0000002e29600000) (1024K)]
  0x00000144d1151bf0 JavaThread "Unconstrained build operations Thread 69"        [_thread_blocked, id=23144, stack(0x0000002e29600000,0x0000002e29700000) (1024K)]
  0x00000144d1151560 JavaThread "Unconstrained build operations Thread 70"        [_thread_blocked, id=22996, stack(0x0000002e29700000,0x0000002e29800000) (1024K)]
  0x00000144e1d8c020 JavaThread "Unconstrained build operations Thread 71"        [_thread_blocked, id=19212, stack(0x0000002e28b00000,0x0000002e28c00000) (1024K)]
  0x00000144e1d8b300 JavaThread "Unconstrained build operations Thread 72"        [_thread_blocked, id=26332, stack(0x0000002e29300000,0x0000002e29400000) (1024K)]
  0x00000144e1d8b990 JavaThread "Unconstrained build operations Thread 73"        [_thread_blocked, id=30596, stack(0x0000002e29800000,0x0000002e29900000) (1024K)]
  0x00000144db77e7c0 JavaThread "Unconstrained build operations Thread 74"        [_thread_blocked, id=16832, stack(0x0000002e29900000,0x0000002e29a00000) (1024K)]
  0x00000144db77ee50 JavaThread "Unconstrained build operations Thread 75"        [_thread_blocked, id=33736, stack(0x0000002e29a00000,0x0000002e29b00000) (1024K)]
  0x00000144db77daa0 JavaThread "Unconstrained build operations Thread 76"        [_thread_blocked, id=23100, stack(0x0000002e29b00000,0x0000002e29c00000) (1024K)]
  0x00000144d237d640 JavaThread "Unconstrained build operations Thread 77"        [_thread_blocked, id=31884, stack(0x0000002e29c00000,0x0000002e29d00000) (1024K)]
  0x00000144d237e360 JavaThread "Unconstrained build operations Thread 78"        [_thread_blocked, id=5156, stack(0x0000002e29d00000,0x0000002e29e00000) (1024K)]
  0x00000144d237dcd0 JavaThread "Unconstrained build operations Thread 79"        [_thread_blocked, id=27520, stack(0x0000002e29e00000,0x0000002e29f00000) (1024K)]
  0x00000144d237e9f0 JavaThread "Unconstrained build operations Thread 80"        [_thread_blocked, id=22984, stack(0x0000002e29f00000,0x0000002e2a000000) (1024K)]
  0x00000144e16294d0 JavaThread "C2 CompilerThread1"         daemon [_thread_blocked, id=23972, stack(0x0000002e28e00000,0x0000002e28f00000) (1024K)]
  0x00000144ca208910 JavaThread "C2 CompilerThread2"         daemon [_thread_blocked, id=26680, stack(0x0000002e2a000000,0x0000002e2a100000) (1024K)]
Total: 144

Other Threads:
=>0x00000144c491cef0 VMThread "VM Thread"                           [id=18304, stack(0x0000002e20900000,0x0000002e20a00000) (1024K)]
  0x00000144c4844af0 WatcherThread "VM Periodic Task Thread"        [id=20764, stack(0x0000002e20800000,0x0000002e20900000) (1024K)]
  0x00000144ad1d6940 WorkerThread "GC Thread#0"                     [id=23916, stack(0x0000002e20300000,0x0000002e20400000) (1024K)]
  0x00000144c9346a00 WorkerThread "GC Thread#1"                     [id=12516, stack(0x0000002e21500000,0x0000002e21600000) (1024K)]
  0x00000144c9346db0 WorkerThread "GC Thread#2"                     [id=27208, stack(0x0000002e21600000,0x0000002e21700000) (1024K)]
  0x00000144c9624e50 WorkerThread "GC Thread#3"                     [id=2000, stack(0x0000002e21700000,0x0000002e21800000) (1024K)]
  0x00000144c9625200 WorkerThread "GC Thread#4"                     [id=30568, stack(0x0000002e21800000,0x0000002e21900000) (1024K)]
  0x00000144c96255b0 WorkerThread "GC Thread#5"                     [id=22432, stack(0x0000002e21900000,0x0000002e21a00000) (1024K)]
  0x00000144cb7b8700 WorkerThread "GC Thread#6"                     [id=9912, stack(0x0000002e22500000,0x0000002e22600000) (1024K)]
  0x00000144cb7be4c0 WorkerThread "GC Thread#7"                     [id=29036, stack(0x0000002e22600000,0x0000002e22700000) (1024K)]
  0x00000144ad1e81b0 ConcurrentGCThread "G1 Main Marker"            [id=4624, stack(0x0000002e20400000,0x0000002e20500000) (1024K)]
  0x00000144ad1ea760 WorkerThread "G1 Conc#0"                       [id=18504, stack(0x0000002e20500000,0x0000002e20600000) (1024K)]
  0x00000144cb5858a0 WorkerThread "G1 Conc#1"                       [id=33236, stack(0x0000002e22700000,0x0000002e22800000) (1024K)]
  0x00000144c47887d0 ConcurrentGCThread "G1 Refine#0"               [id=21588, stack(0x0000002e20600000,0x0000002e20700000) (1024K)]
  0x00000144c4788d10 ConcurrentGCThread "G1 Service"                [id=31632, stack(0x0000002e20700000,0x0000002e20800000) (1024K)]
Total: 15

Threads with active compile tasks:
C2 CompilerThread0  113206 30980       4       org.jetbrains.org.objectweb.asm.ClassReader::readMethod (1093 bytes)
C2 CompilerThread1  113206 30982 %     4       org.jetbrains.org.objectweb.asm.ClassReader::readCode @ 2185 (5113 bytes)
C2 CompilerThread2  113206 30854       4       org.jetbrains.org.objectweb.asm.ClassReader::accept (1401 bytes)
Total: 3

VM state: at safepoint (normal execution)

VM Mutex/Monitor currently owned by a thread:  ([mutex/lock_event])
[0x00007ffa1b5786d0] Threads_lock - owner thread: 0x00000144c491cef0
[0x00007ffa1b5787d0] Heap_lock - owner thread: 0x00000144cd71b2e0

Heap address: 0x0000000080000000, size: 2048 MB, Compressed Oops mode: 32-bit

CDS archive(s) not mapped
Compressed class space mapped at: 0x0000000100000000-0x000000011a000000, reserved size: 436207616
Narrow klass base: 0x0000000000000000, Narrow klass shift: 3, Narrow klass range: 0x11a000000

GC Precious Log:
 CardTable entry size: 512
 Card Set container configuration: InlinePtr #cards 5 size 8 Array Of Cards #cards 12 size 40 Howl #buckets 4 coarsen threshold 1843 Howl Bitmap #cards 512 size 80 coarsen threshold 460 Card regions per heap region 1 cards per card region 2048
 CPUs: 8 total, 8 available
 Memory: 16221M
 Large Page Support: Disabled
 NUMA Support: Disabled
 Compressed Oops: Enabled (32-bit)
 Heap Region Size: 1M
 Heap Min Capacity: 8M
 Heap Initial Capacity: 254M
 Heap Max Capacity: 2G
 Pre-touch: Disabled
 Parallel Workers: 8
 Concurrent Workers: 2
 Concurrent Refinement Workers: 8
 Periodic GC: Disabled

Heap:
 garbage-first heap   total 480256K, used 184848K [0x0000000080000000, 0x0000000100000000)
  region size 1024K, 14 young (14336K), 14 survivors (14336K)
 Metaspace       used 198565K, committed 201216K, reserved 622592K
  class space    used 25450K, committed 26752K, reserved 425984K

Heap Regions: E=young(eden), S=young(survivor), O=old, HS=humongous(starts), HC=humongous(continues), CS=collection set, F=free, TAMS=top-at-mark-start, PB=parsable bottom
|   0|0x0000000080000000, 0x0000000080100000, 0x0000000080100000|100%|HS|  |TAMS 0x0000000080100000| PB 0x0000000080000000| Complete 
|   1|0x0000000080100000, 0x0000000080200000, 0x0000000080200000|100%|HC|  |TAMS 0x0000000080200000| PB 0x0000000080100000| Complete 
|   2|0x0000000080200000, 0x0000000080300000, 0x0000000080300000|100%|HC|  |TAMS 0x0000000080300000| PB 0x0000000080200000| Complete 
|   3|0x0000000080300000, 0x0000000080400000, 0x0000000080400000|100%| O|  |TAMS 0x0000000080400000| PB 0x0000000080300000| Untracked 
|   4|0x0000000080400000, 0x0000000080500000, 0x0000000080500000|100%| O|  |TAMS 0x0000000080500000| PB 0x0000000080400000| Untracked 
|   5|0x0000000080500000, 0x0000000080600000, 0x0000000080600000|100%| O|  |TAMS 0x0000000080600000| PB 0x0000000080500000| Untracked 
|   6|0x0000000080600000, 0x0000000080700000, 0x0000000080700000|100%|HS|  |TAMS 0x0000000080700000| PB 0x0000000080600000| Complete 
|   7|0x0000000080700000, 0x0000000080800000, 0x0000000080800000|100%| O|  |TAMS 0x0000000080800000| PB 0x0000000080700000| Untracked 
|   8|0x0000000080800000, 0x0000000080900000, 0x0000000080900000|100%| O|  |TAMS 0x0000000080900000| PB 0x0000000080800000| Untracked 
|   9|0x0000000080900000, 0x0000000080a00000, 0x0000000080a00000|100%| O|  |TAMS 0x0000000080a00000| PB 0x0000000080900000| Untracked 
|  10|0x0000000080a00000, 0x0000000080b00000, 0x0000000080b00000|100%| O|  |TAMS 0x0000000080b00000| PB 0x0000000080a00000| Untracked 
|  11|0x0000000080b00000, 0x0000000080c00000, 0x0000000080c00000|100%| O|  |TAMS 0x0000000080c00000| PB 0x0000000080b00000| Untracked 
|  12|0x0000000080c00000, 0x0000000080d00000, 0x0000000080d00000|100%| O|  |TAMS 0x0000000080d00000| PB 0x0000000080c00000| Untracked 
|  13|0x0000000080d00000, 0x0000000080e00000, 0x0000000080e00000|100%| O|  |TAMS 0x0000000080e00000| PB 0x0000000080d00000| Untracked 
|  14|0x0000000080e00000, 0x0000000080f00000, 0x0000000080f00000|100%| O|  |TAMS 0x0000000080f00000| PB 0x0000000080e00000| Untracked 
|  15|0x0000000080f00000, 0x0000000081000000, 0x0000000081000000|100%| O|  |TAMS 0x0000000081000000| PB 0x0000000080f00000| Untracked 
|  16|0x0000000081000000, 0x0000000081100000, 0x0000000081100000|100%| O|  |TAMS 0x0000000081100000| PB 0x0000000081000000| Untracked 
|  17|0x0000000081100000, 0x0000000081200000, 0x0000000081200000|100%| O|  |TAMS 0x0000000081200000| PB 0x0000000081100000| Untracked 
|  18|0x0000000081200000, 0x0000000081300000, 0x0000000081300000|100%| O|  |TAMS 0x0000000081300000| PB 0x0000000081200000| Untracked 
|  19|0x0000000081300000, 0x0000000081400000, 0x0000000081400000|100%| O|  |TAMS 0x0000000081400000| PB 0x0000000081300000| Untracked 
|  20|0x0000000081400000, 0x0000000081500000, 0x0000000081500000|100%| O|  |TAMS 0x0000000081500000| PB 0x0000000081400000| Untracked 
|  21|0x0000000081500000, 0x0000000081600000, 0x0000000081600000|100%| O|  |TAMS 0x0000000081600000| PB 0x0000000081500000| Untracked 
|  22|0x0000000081600000, 0x0000000081700000, 0x0000000081700000|100%| O|  |TAMS 0x0000000081700000| PB 0x0000000081600000| Untracked 
|  23|0x0000000081700000, 0x0000000081800000, 0x0000000081800000|100%| O|  |TAMS 0x0000000081800000| PB 0x0000000081700000| Untracked 
|  24|0x0000000081800000, 0x0000000081900000, 0x0000000081900000|100%| O|  |TAMS 0x0000000081900000| PB 0x0000000081800000| Untracked 
|  25|0x0000000081900000, 0x0000000081a00000, 0x0000000081a00000|100%| O|  |TAMS 0x0000000081a00000| PB 0x0000000081900000| Untracked 
|  26|0x0000000081a00000, 0x0000000081b00000, 0x0000000081b00000|100%| O|  |TAMS 0x0000000081b00000| PB 0x0000000081a00000| Untracked 
|  27|0x0000000081b00000, 0x0000000081c00000, 0x0000000081c00000|100%| O|  |TAMS 0x0000000081c00000| PB 0x0000000081b00000| Untracked 
|  28|0x0000000081c00000, 0x0000000081d00000, 0x0000000081d00000|100%| O|  |TAMS 0x0000000081d00000| PB 0x0000000081c00000| Untracked 
|  29|0x0000000081d00000, 0x0000000081e00000, 0x0000000081e00000|100%| O|  |TAMS 0x0000000081e00000| PB 0x0000000081d00000| Untracked 
|  30|0x0000000081e00000, 0x0000000081f00000, 0x0000000081f00000|100%| O|  |TAMS 0x0000000081f00000| PB 0x0000000081e00000| Untracked 
|  31|0x0000000081f00000, 0x0000000082000000, 0x0000000082000000|100%| O|  |TAMS 0x0000000082000000| PB 0x0000000081f00000| Untracked 
|  32|0x0000000082000000, 0x0000000082100000, 0x0000000082100000|100%| O|  |TAMS 0x0000000082100000| PB 0x0000000082000000| Untracked 
|  33|0x0000000082100000, 0x0000000082200000, 0x0000000082200000|100%| O|  |TAMS 0x0000000082200000| PB 0x0000000082100000| Untracked 
|  34|0x0000000082200000, 0x0000000082300000, 0x0000000082300000|100%| O|  |TAMS 0x0000000082300000| PB 0x0000000082200000| Untracked 
|  35|0x0000000082300000, 0x0000000082400000, 0x0000000082400000|100%| O|  |TAMS 0x0000000082400000| PB 0x0000000082300000| Untracked 
|  36|0x0000000082400000, 0x0000000082500000, 0x0000000082500000|100%| O|  |TAMS 0x0000000082500000| PB 0x0000000082400000| Untracked 
|  37|0x0000000082500000, 0x0000000082600000, 0x0000000082600000|100%| O|  |TAMS 0x0000000082600000| PB 0x0000000082500000| Untracked 
|  38|0x0000000082600000, 0x0000000082700000, 0x0000000082700000|100%| O|  |TAMS 0x0000000082700000| PB 0x0000000082600000| Untracked 
|  39|0x0000000082700000, 0x0000000082800000, 0x0000000082800000|100%| O|  |TAMS 0x0000000082800000| PB 0x0000000082700000| Untracked 
|  40|0x0000000082800000, 0x0000000082900000, 0x0000000082900000|100%| O|  |TAMS 0x0000000082900000| PB 0x0000000082800000| Untracked 
|  41|0x0000000082900000, 0x0000000082a00000, 0x0000000082a00000|100%| O|  |TAMS 0x0000000082a00000| PB 0x0000000082900000| Untracked 
|  42|0x0000000082a00000, 0x0000000082b00000, 0x0000000082b00000|100%| O|  |TAMS 0x0000000082b00000| PB 0x0000000082a00000| Untracked 
|  43|0x0000000082b00000, 0x0000000082c00000, 0x0000000082c00000|100%| O|  |TAMS 0x0000000082c00000| PB 0x0000000082b00000| Untracked 
|  44|0x0000000082c00000, 0x0000000082d00000, 0x0000000082d00000|100%| O|  |TAMS 0x0000000082d00000| PB 0x0000000082c00000| Untracked 
|  45|0x0000000082d00000, 0x0000000082e00000, 0x0000000082e00000|100%| O|  |TAMS 0x0000000082e00000| PB 0x0000000082d00000| Untracked 
|  46|0x0000000082e00000, 0x0000000082f00000, 0x0000000082f00000|100%| O|  |TAMS 0x0000000082f00000| PB 0x0000000082e00000| Untracked 
|  47|0x0000000082f00000, 0x0000000083000000, 0x0000000083000000|100%| O|  |TAMS 0x0000000083000000| PB 0x0000000082f00000| Untracked 
|  48|0x0000000083000000, 0x0000000083100000, 0x0000000083100000|100%| O|  |TAMS 0x0000000083100000| PB 0x0000000083000000| Untracked 
|  49|0x0000000083100000, 0x0000000083200000, 0x0000000083200000|100%| O|  |TAMS 0x0000000083200000| PB 0x0000000083100000| Untracked 
|  50|0x0000000083200000, 0x0000000083200000, 0x0000000083300000|  0%| F|  |TAMS 0x0000000083200000| PB 0x0000000083200000| Untracked 
|  51|0x0000000083300000, 0x0000000083400000, 0x0000000083400000|100%| O|  |TAMS 0x0000000083400000| PB 0x0000000083300000| Untracked 
|  52|0x0000000083400000, 0x0000000083500000, 0x0000000083500000|100%| O|  |TAMS 0x0000000083500000| PB 0x0000000083400000| Untracked 
|  53|0x0000000083500000, 0x0000000083600000, 0x0000000083600000|100%| O|  |TAMS 0x0000000083600000| PB 0x0000000083500000| Untracked 
|  54|0x0000000083600000, 0x0000000083700000, 0x0000000083700000|100%| O|  |TAMS 0x0000000083700000| PB 0x0000000083600000| Untracked 
|  55|0x0000000083700000, 0x0000000083800000, 0x0000000083800000|100%| O|  |TAMS 0x0000000083800000| PB 0x0000000083700000| Untracked 
|  56|0x0000000083800000, 0x0000000083900000, 0x0000000083900000|100%| O|  |TAMS 0x0000000083900000| PB 0x0000000083800000| Untracked 
|  57|0x0000000083900000, 0x0000000083a00000, 0x0000000083a00000|100%| O|  |TAMS 0x0000000083a00000| PB 0x0000000083900000| Untracked 
|  58|0x0000000083a00000, 0x0000000083b00000, 0x0000000083b00000|100%| O|  |TAMS 0x0000000083b00000| PB 0x0000000083a00000| Untracked 
|  59|0x0000000083b00000, 0x0000000083c00000, 0x0000000083c00000|100%| O|  |TAMS 0x0000000083c00000| PB 0x0000000083b00000| Untracked 
|  60|0x0000000083c00000, 0x0000000083d00000, 0x0000000083d00000|100%|HS|  |TAMS 0x0000000083d00000| PB 0x0000000083c00000| Complete 
|  61|0x0000000083d00000, 0x0000000083e00000, 0x0000000083e00000|100%| O|  |TAMS 0x0000000083e00000| PB 0x0000000083d00000| Untracked 
|  62|0x0000000083e00000, 0x0000000083f00000, 0x0000000083f00000|100%| O|  |TAMS 0x0000000083f00000| PB 0x0000000083e00000| Untracked 
|  63|0x0000000083f00000, 0x0000000084000000, 0x0000000084000000|100%|HS|  |TAMS 0x0000000084000000| PB 0x0000000083f00000| Complete 
|  64|0x0000000084000000, 0x0000000084100000, 0x0000000084100000|100%|HC|  |TAMS 0x0000000084100000| PB 0x0000000084000000| Complete 
|  65|0x0000000084100000, 0x0000000084200000, 0x0000000084200000|100%|HC|  |TAMS 0x0000000084200000| PB 0x0000000084100000| Complete 
|  66|0x0000000084200000, 0x0000000084300000, 0x0000000084300000|100%| O|  |TAMS 0x0000000084300000| PB 0x0000000084200000| Untracked 
|  67|0x0000000084300000, 0x0000000084400000, 0x0000000084400000|100%| O|  |TAMS 0x0000000084400000| PB 0x0000000084300000| Untracked 
|  68|0x0000000084400000, 0x0000000084500000, 0x0000000084500000|100%| O|  |TAMS 0x0000000084500000| PB 0x0000000084400000| Untracked 
|  69|0x0000000084500000, 0x0000000084600000, 0x0000000084600000|100%| O|  |TAMS 0x0000000084600000| PB 0x0000000084500000| Untracked 
|  70|0x0000000084600000, 0x0000000084700000, 0x0000000084700000|100%| O|  |TAMS 0x0000000084700000| PB 0x0000000084600000| Untracked 
|  71|0x0000000084700000, 0x0000000084800000, 0x0000000084800000|100%|HS|  |TAMS 0x0000000084700000| PB 0x0000000084700000| Complete 
|  72|0x0000000084800000, 0x0000000084800000, 0x0000000084900000|  0%| F|  |TAMS 0x0000000084800000| PB 0x0000000084800000| Untracked 
|  73|0x0000000084900000, 0x0000000084900000, 0x0000000084a00000|  0%| F|  |TAMS 0x0000000084900000| PB 0x0000000084900000| Untracked 
|  74|0x0000000084a00000, 0x0000000084a00000, 0x0000000084b00000|  0%| F|  |TAMS 0x0000000084a00000| PB 0x0000000084a00000| Untracked 
|  75|0x0000000084b00000, 0x0000000084c00000, 0x0000000084c00000|100%| O|  |TAMS 0x0000000084c00000| PB 0x0000000084b00000| Untracked 
|  76|0x0000000084c00000, 0x0000000084c00000, 0x0000000084d00000|  0%| F|  |TAMS 0x0000000084c00000| PB 0x0000000084c00000| Untracked 
|  77|0x0000000084d00000, 0x0000000084e00000, 0x0000000084e00000|100%| O|  |TAMS 0x0000000084e00000| PB 0x0000000084d00000| Untracked 
|  78|0x0000000084e00000, 0x0000000084f00000, 0x0000000084f00000|100%| O|  |TAMS 0x0000000084f00000| PB 0x0000000084e00000| Untracked 
|  79|0x0000000084f00000, 0x0000000085000000, 0x0000000085000000|100%| O|  |TAMS 0x0000000085000000| PB 0x0000000084f00000| Untracked 
|  80|0x0000000085000000, 0x0000000085100000, 0x0000000085100000|100%| O|  |TAMS 0x0000000085100000| PB 0x0000000085000000| Untracked 
|  81|0x0000000085100000, 0x0000000085200000, 0x0000000085200000|100%| O|  |TAMS 0x0000000085200000| PB 0x0000000085100000| Untracked 
|  82|0x0000000085200000, 0x0000000085300000, 0x0000000085300000|100%| O|  |TAMS 0x0000000085300000| PB 0x0000000085200000| Untracked 
|  83|0x0000000085300000, 0x0000000085400000, 0x0000000085400000|100%| O|  |TAMS 0x0000000085400000| PB 0x0000000085300000| Untracked 
|  84|0x0000000085400000, 0x0000000085500000, 0x0000000085500000|100%| O|  |TAMS 0x0000000085500000| PB 0x0000000085400000| Untracked 
|  85|0x0000000085500000, 0x0000000085600000, 0x0000000085600000|100%| O|  |TAMS 0x0000000085600000| PB 0x0000000085500000| Untracked 
|  86|0x0000000085600000, 0x0000000085700000, 0x0000000085700000|100%| O|  |TAMS 0x0000000085700000| PB 0x0000000085600000| Untracked 
|  87|0x0000000085700000, 0x0000000085800000, 0x0000000085800000|100%| O|  |TAMS 0x0000000085800000| PB 0x0000000085700000| Untracked 
|  88|0x0000000085800000, 0x0000000085900000, 0x0000000085900000|100%| O|  |TAMS 0x0000000085900000| PB 0x0000000085800000| Untracked 
|  89|0x0000000085900000, 0x0000000085a00000, 0x0000000085a00000|100%|HS|  |TAMS 0x0000000085a00000| PB 0x0000000085900000| Complete 
|  90|0x0000000085a00000, 0x0000000085b00000, 0x0000000085b00000|100%|HC|  |TAMS 0x0000000085b00000| PB 0x0000000085a00000| Complete 
|  91|0x0000000085b00000, 0x0000000085c00000, 0x0000000085c00000|100%|HC|  |TAMS 0x0000000085c00000| PB 0x0000000085b00000| Complete 
|  92|0x0000000085c00000, 0x0000000085d00000, 0x0000000085d00000|100%| O|  |TAMS 0x0000000085d00000| PB 0x0000000085c00000| Untracked 
|  93|0x0000000085d00000, 0x0000000085e00000, 0x0000000085e00000|100%| O|  |TAMS 0x0000000085e00000| PB 0x0000000085d00000| Untracked 
|  94|0x0000000085e00000, 0x0000000085f00000, 0x0000000085f00000|100%| O|  |TAMS 0x0000000085f00000| PB 0x0000000085e00000| Untracked 
|  95|0x0000000085f00000, 0x0000000086000000, 0x0000000086000000|100%| O|  |TAMS 0x0000000086000000| PB 0x0000000085f00000| Untracked 
|  96|0x0000000086000000, 0x0000000086100000, 0x0000000086100000|100%| O|  |TAMS 0x0000000086100000| PB 0x0000000086000000| Untracked 
|  97|0x0000000086100000, 0x0000000086200000, 0x0000000086200000|100%| O|  |TAMS 0x0000000086200000| PB 0x0000000086100000| Untracked 
|  98|0x0000000086200000, 0x0000000086300000, 0x0000000086300000|100%| O|  |TAMS 0x0000000086300000| PB 0x0000000086200000| Untracked 
|  99|0x0000000086300000, 0x0000000086400000, 0x0000000086400000|100%| O|  |TAMS 0x0000000086400000| PB 0x0000000086300000| Untracked 
| 100|0x0000000086400000, 0x0000000086500000, 0x0000000086500000|100%| O|  |TAMS 0x0000000086500000| PB 0x0000000086400000| Untracked 
| 101|0x0000000086500000, 0x0000000086600000, 0x0000000086600000|100%| O|  |TAMS 0x0000000086600000| PB 0x0000000086500000| Untracked 
| 102|0x0000000086600000, 0x0000000086700000, 0x0000000086700000|100%| O|  |TAMS 0x0000000086700000| PB 0x0000000086600000| Untracked 
| 103|0x0000000086700000, 0x0000000086800000, 0x0000000086800000|100%| O|  |TAMS 0x0000000086800000| PB 0x0000000086700000| Untracked 
| 104|0x0000000086800000, 0x0000000086900000, 0x0000000086900000|100%| O|  |TAMS 0x0000000086900000| PB 0x0000000086800000| Untracked 
| 105|0x0000000086900000, 0x0000000086a00000, 0x0000000086a00000|100%| O|  |TAMS 0x0000000086a00000| PB 0x0000000086900000| Untracked 
| 106|0x0000000086a00000, 0x0000000086b00000, 0x0000000086b00000|100%| O|  |TAMS 0x0000000086b00000| PB 0x0000000086a00000| Untracked 
| 107|0x0000000086b00000, 0x0000000086c00000, 0x0000000086c00000|100%| O|  |TAMS 0x0000000086c00000| PB 0x0000000086b00000| Untracked 
| 108|0x0000000086c00000, 0x0000000086d00000, 0x0000000086d00000|100%| O|  |TAMS 0x0000000086d00000| PB 0x0000000086c00000| Untracked 
| 109|0x0000000086d00000, 0x0000000086e00000, 0x0000000086e00000|100%| O|  |TAMS 0x0000000086e00000| PB 0x0000000086d00000| Untracked 
| 110|0x0000000086e00000, 0x0000000086f00000, 0x0000000086f00000|100%| O|  |TAMS 0x0000000086f00000| PB 0x0000000086e00000| Untracked 
| 111|0x0000000086f00000, 0x0000000086f00000, 0x0000000087000000|  0%| F|  |TAMS 0x0000000086f00000| PB 0x0000000086f00000| Untracked 
| 112|0x0000000087000000, 0x0000000087100000, 0x0000000087100000|100%| O|  |TAMS 0x0000000087100000| PB 0x0000000087000000| Untracked 
| 113|0x0000000087100000, 0x0000000087200000, 0x0000000087200000|100%| O|  |TAMS 0x0000000087200000| PB 0x0000000087100000| Untracked 
| 114|0x0000000087200000, 0x0000000087300000, 0x0000000087300000|100%| O|  |TAMS 0x0000000087300000| PB 0x0000000087200000| Untracked 
| 115|0x0000000087300000, 0x0000000087400000, 0x0000000087400000|100%|HS|  |TAMS 0x0000000087400000| PB 0x0000000087300000| Complete 
| 116|0x0000000087400000, 0x0000000087500000, 0x0000000087500000|100%|HC|  |TAMS 0x0000000087500000| PB 0x0000000087400000| Complete 
| 117|0x0000000087500000, 0x0000000087600000, 0x0000000087600000|100%|HC|  |TAMS 0x0000000087600000| PB 0x0000000087500000| Complete 
| 118|0x0000000087600000, 0x0000000087700000, 0x0000000087700000|100%| O|  |TAMS 0x0000000087700000| PB 0x0000000087600000| Untracked 
| 119|0x0000000087700000, 0x0000000087700000, 0x0000000087800000|  0%| F|  |TAMS 0x0000000087700000| PB 0x0000000087700000| Untracked 
| 120|0x0000000087800000, 0x0000000087900000, 0x0000000087900000|100%| O|  |TAMS 0x0000000087900000| PB 0x0000000087800000| Untracked 
| 121|0x0000000087900000, 0x0000000087900000, 0x0000000087a00000|  0%| F|  |TAMS 0x0000000087900000| PB 0x0000000087900000| Untracked 
| 122|0x0000000087a00000, 0x0000000087b00000, 0x0000000087b00000|100%| O|  |TAMS 0x0000000087b00000| PB 0x0000000087a00000| Untracked 
| 123|0x0000000087b00000, 0x0000000087c00000, 0x0000000087c00000|100%| O|  |TAMS 0x0000000087c00000| PB 0x0000000087b00000| Untracked 
| 124|0x0000000087c00000, 0x0000000087d00000, 0x0000000087d00000|100%| O|  |TAMS 0x0000000087d00000| PB 0x0000000087c00000| Untracked 
| 125|0x0000000087d00000, 0x0000000087e00000, 0x0000000087e00000|100%| O|  |TAMS 0x0000000087e00000| PB 0x0000000087d00000| Untracked 
| 126|0x0000000087e00000, 0x0000000087f00000, 0x0000000087f00000|100%| O|  |TAMS 0x0000000087f00000| PB 0x0000000087e00000| Untracked 
| 127|0x0000000087f00000, 0x0000000088000000, 0x0000000088000000|100%| O|  |TAMS 0x0000000088000000| PB 0x0000000087f00000| Untracked 
| 128|0x0000000088000000, 0x0000000088100000, 0x0000000088100000|100%| O|  |TAMS 0x0000000088100000| PB 0x0000000088000000| Untracked 
| 129|0x0000000088100000, 0x0000000088200000, 0x0000000088200000|100%|HS|  |TAMS 0x0000000088200000| PB 0x0000000088100000| Complete 
| 130|0x0000000088200000, 0x0000000088300000, 0x0000000088300000|100%|HC|  |TAMS 0x0000000088300000| PB 0x0000000088200000| Complete 
| 131|0x0000000088300000, 0x0000000088400000, 0x0000000088400000|100%|HC|  |TAMS 0x0000000088400000| PB 0x0000000088300000| Complete 
| 132|0x0000000088400000, 0x0000000088500000, 0x0000000088500000|100%|HC|  |TAMS 0x0000000088500000| PB 0x0000000088400000| Complete 
| 133|0x0000000088500000, 0x0000000088600000, 0x0000000088600000|100%|HC|  |TAMS 0x0000000088600000| PB 0x0000000088500000| Complete 
| 134|0x0000000088600000, 0x0000000088700000, 0x0000000088700000|100%|HC|  |TAMS 0x0000000088700000| PB 0x0000000088600000| Complete 
| 135|0x0000000088700000, 0x0000000088700000, 0x0000000088800000|  0%| F|  |TAMS 0x0000000088700000| PB 0x0000000088700000| Untracked 
| 136|0x0000000088800000, 0x0000000088800000, 0x0000000088900000|  0%| F|  |TAMS 0x0000000088800000| PB 0x0000000088800000| Untracked 
| 137|0x0000000088900000, 0x0000000088a00000, 0x0000000088a00000|100%| O|  |TAMS 0x0000000088a00000| PB 0x0000000088900000| Untracked 
| 138|0x0000000088a00000, 0x0000000088b00000, 0x0000000088b00000|100%| O|  |TAMS 0x0000000088b00000| PB 0x0000000088a00000| Untracked 
| 139|0x0000000088b00000, 0x0000000088c00000, 0x0000000088c00000|100%| O|  |TAMS 0x0000000088c00000| PB 0x0000000088b00000| Untracked 
| 140|0x0000000088c00000, 0x0000000088c00000, 0x0000000088d00000|  0%| F|  |TAMS 0x0000000088c00000| PB 0x0000000088c00000| Untracked 
| 141|0x0000000088d00000, 0x0000000088e00000, 0x0000000088e00000|100%| O|  |TAMS 0x0000000088e00000| PB 0x0000000088d00000| Untracked 
| 142|0x0000000088e00000, 0x0000000088e579a0, 0x0000000088f00000| 34%| S|CS|TAMS 0x0000000088e00000| PB 0x0000000088e00000| Complete 
| 143|0x0000000088f00000, 0x0000000089000000, 0x0000000089000000|100%| S|CS|TAMS 0x0000000088f00000| PB 0x0000000088f00000| Complete 
| 144|0x0000000089000000, 0x0000000089100000, 0x0000000089100000|100%| S|CS|TAMS 0x0000000089000000| PB 0x0000000089000000| Complete 
| 145|0x0000000089100000, 0x0000000089200000, 0x0000000089200000|100%| S|CS|TAMS 0x0000000089100000| PB 0x0000000089100000| Complete 
| 146|0x0000000089200000, 0x0000000089300000, 0x0000000089300000|100%| S|CS|TAMS 0x0000000089200000| PB 0x0000000089200000| Complete 
| 147|0x0000000089300000, 0x0000000089400000, 0x0000000089400000|100%| S|CS|TAMS 0x0000000089300000| PB 0x0000000089300000| Complete 
| 148|0x0000000089400000, 0x0000000089500000, 0x0000000089500000|100%| S|CS|TAMS 0x0000000089400000| PB 0x0000000089400000| Complete 
| 149|0x0000000089500000, 0x0000000089600000, 0x0000000089600000|100%| S|CS|TAMS 0x0000000089500000| PB 0x0000000089500000| Complete 
| 150|0x0000000089600000, 0x0000000089700000, 0x0000000089700000|100%| S|CS|TAMS 0x0000000089600000| PB 0x0000000089600000| Complete 
| 151|0x0000000089700000, 0x0000000089800000, 0x0000000089800000|100%| O|  |TAMS 0x0000000089800000| PB 0x0000000089700000| Untracked 
| 152|0x0000000089800000, 0x0000000089900000, 0x0000000089900000|100%| O|  |TAMS 0x0000000089900000| PB 0x0000000089800000| Untracked 
| 153|0x0000000089900000, 0x0000000089a00000, 0x0000000089a00000|100%| O|  |TAMS 0x0000000089a00000| PB 0x0000000089900000| Untracked 
| 154|0x0000000089a00000, 0x0000000089b00000, 0x0000000089b00000|100%| O|  |TAMS 0x0000000089b00000| PB 0x0000000089a00000| Untracked 
| 155|0x0000000089b00000, 0x0000000089c00000, 0x0000000089c00000|100%| O|  |TAMS 0x0000000089c00000| PB 0x0000000089b00000| Untracked 
| 156|0x0000000089c00000, 0x0000000089d00000, 0x0000000089d00000|100%| O|  |TAMS 0x0000000089d00000| PB 0x0000000089c00000| Untracked 
| 157|0x0000000089d00000, 0x0000000089e00000, 0x0000000089e00000|100%| O|  |TAMS 0x0000000089e00000| PB 0x0000000089d00000| Untracked 
| 158|0x0000000089e00000, 0x0000000089f00000, 0x0000000089f00000|100%| O|  |TAMS 0x0000000089f00000| PB 0x0000000089e00000| Untracked 
| 159|0x0000000089f00000, 0x000000008a000000, 0x000000008a000000|100%| O|  |TAMS 0x000000008a000000| PB 0x0000000089f00000| Untracked 
| 160|0x000000008a000000, 0x000000008a100000, 0x000000008a100000|100%| O|  |TAMS 0x000000008a100000| PB 0x000000008a000000| Untracked 
| 161|0x000000008a100000, 0x000000008a200000, 0x000000008a200000|100%| O|  |TAMS 0x000000008a200000| PB 0x000000008a100000| Untracked 
| 162|0x000000008a200000, 0x000000008a300000, 0x000000008a300000|100%| O|  |TAMS 0x000000008a300000| PB 0x000000008a200000| Untracked 
| 163|0x000000008a300000, 0x000000008a400000, 0x000000008a400000|100%| O|  |TAMS 0x000000008a400000| PB 0x000000008a300000| Untracked 
| 164|0x000000008a400000, 0x000000008a500000, 0x000000008a500000|100%| O|  |TAMS 0x000000008a500000| PB 0x000000008a400000| Untracked 
| 165|0x000000008a500000, 0x000000008a600000, 0x000000008a600000|100%| O|  |TAMS 0x000000008a600000| PB 0x000000008a500000| Untracked 
| 166|0x000000008a600000, 0x000000008a700000, 0x000000008a700000|100%| O|  |TAMS 0x000000008a700000| PB 0x000000008a600000| Untracked 
| 167|0x000000008a700000, 0x000000008a800000, 0x000000008a800000|100%| O|  |TAMS 0x000000008a800000| PB 0x000000008a700000| Untracked 
| 168|0x000000008a800000, 0x000000008a900000, 0x000000008a900000|100%| O|  |TAMS 0x000000008a900000| PB 0x000000008a800000| Untracked 
| 169|0x000000008a900000, 0x000000008aa00000, 0x000000008aa00000|100%| O|  |TAMS 0x000000008aa00000| PB 0x000000008a900000| Untracked 
| 170|0x000000008aa00000, 0x000000008ab00000, 0x000000008ab00000|100%| O|  |TAMS 0x000000008ab00000| PB 0x000000008aa00000| Untracked 
| 171|0x000000008ab00000, 0x000000008ac00000, 0x000000008ac00000|100%| O|  |TAMS 0x000000008ac00000| PB 0x000000008ab00000| Untracked 
| 172|0x000000008ac00000, 0x000000008ad00000, 0x000000008ad00000|100%| O|  |TAMS 0x000000008ad00000| PB 0x000000008ac00000| Untracked 
| 173|0x000000008ad00000, 0x000000008ae00000, 0x000000008ae00000|100%| O|  |TAMS 0x000000008ae00000| PB 0x000000008ad00000| Untracked 
| 174|0x000000008ae00000, 0x000000008af00000, 0x000000008af00000|100%| O|  |TAMS 0x000000008af00000| PB 0x000000008ae00000| Untracked 
| 175|0x000000008af00000, 0x000000008af2c910, 0x000000008b000000| 17%| O|  |TAMS 0x000000008af2c910| PB 0x000000008af00000| Untracked 
| 176|0x000000008b000000, 0x000000008b100000, 0x000000008b100000|100%| S|CS|TAMS 0x000000008b000000| PB 0x000000008b000000| Complete 
| 177|0x000000008b100000, 0x000000008b200000, 0x000000008b200000|100%| S|CS|TAMS 0x000000008b100000| PB 0x000000008b100000| Complete 
| 178|0x000000008b200000, 0x000000008b300000, 0x000000008b300000|100%| S|CS|TAMS 0x000000008b200000| PB 0x000000008b200000| Complete 
| 179|0x000000008b300000, 0x000000008b400000, 0x000000008b400000|100%| S|CS|TAMS 0x000000008b300000| PB 0x000000008b300000| Complete 
| 180|0x000000008b400000, 0x000000008b500000, 0x000000008b500000|100%| S|CS|TAMS 0x000000008b400000| PB 0x000000008b400000| Complete 
| 181|0x000000008b500000, 0x000000008b500000, 0x000000008b600000|  0%| F|  |TAMS 0x000000008b500000| PB 0x000000008b500000| Untracked 
| 182|0x000000008b600000, 0x000000008b600000, 0x000000008b700000|  0%| F|  |TAMS 0x000000008b600000| PB 0x000000008b600000| Untracked 
| 183|0x000000008b700000, 0x000000008b700000, 0x000000008b800000|  0%| F|  |TAMS 0x000000008b700000| PB 0x000000008b700000| Untracked 
| 184|0x000000008b800000, 0x000000008b800000, 0x000000008b900000|  0%| F|  |TAMS 0x000000008b800000| PB 0x000000008b800000| Untracked 
| 185|0x000000008b900000, 0x000000008b900000, 0x000000008ba00000|  0%| F|  |TAMS 0x000000008b900000| PB 0x000000008b900000| Untracked 
| 186|0x000000008ba00000, 0x000000008ba00000, 0x000000008bb00000|  0%| F|  |TAMS 0x000000008ba00000| PB 0x000000008ba00000| Untracked 
| 187|0x000000008bb00000, 0x000000008bb00000, 0x000000008bc00000|  0%| F|  |TAMS 0x000000008bb00000| PB 0x000000008bb00000| Untracked 
| 188|0x000000008bc00000, 0x000000008bc00000, 0x000000008bd00000|  0%| F|  |TAMS 0x000000008bc00000| PB 0x000000008bc00000| Untracked 
| 189|0x000000008bd00000, 0x000000008bd00000, 0x000000008be00000|  0%| F|  |TAMS 0x000000008bd00000| PB 0x000000008bd00000| Untracked 
| 190|0x000000008be00000, 0x000000008be00000, 0x000000008bf00000|  0%| F|  |TAMS 0x000000008be00000| PB 0x000000008be00000| Untracked 
| 191|0x000000008bf00000, 0x000000008bf00000, 0x000000008c000000|  0%| F|  |TAMS 0x000000008bf00000| PB 0x000000008bf00000| Untracked 
| 192|0x000000008c000000, 0x000000008c000000, 0x000000008c100000|  0%| F|  |TAMS 0x000000008c000000| PB 0x000000008c000000| Untracked 
| 193|0x000000008c100000, 0x000000008c100000, 0x000000008c200000|  0%| F|  |TAMS 0x000000008c100000| PB 0x000000008c100000| Untracked 
| 194|0x000000008c200000, 0x000000008c200000, 0x000000008c300000|  0%| F|  |TAMS 0x000000008c200000| PB 0x000000008c200000| Untracked 
| 195|0x000000008c300000, 0x000000008c300000, 0x000000008c400000|  0%| F|  |TAMS 0x000000008c300000| PB 0x000000008c300000| Untracked 
| 196|0x000000008c400000, 0x000000008c400000, 0x000000008c500000|  0%| F|  |TAMS 0x000000008c400000| PB 0x000000008c400000| Untracked 
| 197|0x000000008c500000, 0x000000008c500000, 0x000000008c600000|  0%| F|  |TAMS 0x000000008c500000| PB 0x000000008c500000| Untracked 
| 198|0x000000008c600000, 0x000000008c600000, 0x000000008c700000|  0%| F|  |TAMS 0x000000008c600000| PB 0x000000008c600000| Untracked 
| 199|0x000000008c700000, 0x000000008c700000, 0x000000008c800000|  0%| F|  |TAMS 0x000000008c700000| PB 0x000000008c700000| Untracked 
| 200|0x000000008c800000, 0x000000008c800000, 0x000000008c900000|  0%| F|  |TAMS 0x000000008c800000| PB 0x000000008c800000| Untracked 
| 201|0x000000008c900000, 0x000000008c900000, 0x000000008ca00000|  0%| F|  |TAMS 0x000000008c900000| PB 0x000000008c900000| Untracked 
| 202|0x000000008ca00000, 0x000000008ca00000, 0x000000008cb00000|  0%| F|  |TAMS 0x000000008ca00000| PB 0x000000008ca00000| Untracked 
| 203|0x000000008cb00000, 0x000000008cb00000, 0x000000008cc00000|  0%| F|  |TAMS 0x000000008cb00000| PB 0x000000008cb00000| Untracked 
| 204|0x000000008cc00000, 0x000000008cc00000, 0x000000008cd00000|  0%| F|  |TAMS 0x000000008cc00000| PB 0x000000008cc00000| Untracked 
| 205|0x000000008cd00000, 0x000000008cd00000, 0x000000008ce00000|  0%| F|  |TAMS 0x000000008cd00000| PB 0x000000008cd00000| Untracked 
| 206|0x000000008ce00000, 0x000000008ce00000, 0x000000008cf00000|  0%| F|  |TAMS 0x000000008ce00000| PB 0x000000008ce00000| Untracked 
| 207|0x000000008cf00000, 0x000000008cf00000, 0x000000008d000000|  0%| F|  |TAMS 0x000000008cf00000| PB 0x000000008cf00000| Untracked 
| 208|0x000000008d000000, 0x000000008d000000, 0x000000008d100000|  0%| F|  |TAMS 0x000000008d000000| PB 0x000000008d000000| Untracked 
| 209|0x000000008d100000, 0x000000008d100000, 0x000000008d200000|  0%| F|  |TAMS 0x000000008d100000| PB 0x000000008d100000| Untracked 
| 210|0x000000008d200000, 0x000000008d200000, 0x000000008d300000|  0%| F|  |TAMS 0x000000008d200000| PB 0x000000008d200000| Untracked 
| 211|0x000000008d300000, 0x000000008d300000, 0x000000008d400000|  0%| F|  |TAMS 0x000000008d300000| PB 0x000000008d300000| Untracked 
| 212|0x000000008d400000, 0x000000008d400000, 0x000000008d500000|  0%| F|  |TAMS 0x000000008d400000| PB 0x000000008d400000| Untracked 
| 213|0x000000008d500000, 0x000000008d500000, 0x000000008d600000|  0%| F|  |TAMS 0x000000008d500000| PB 0x000000008d500000| Untracked 
| 214|0x000000008d600000, 0x000000008d600000, 0x000000008d700000|  0%| F|  |TAMS 0x000000008d600000| PB 0x000000008d600000| Untracked 
| 215|0x000000008d700000, 0x000000008d700000, 0x000000008d800000|  0%| F|  |TAMS 0x000000008d700000| PB 0x000000008d700000| Untracked 
| 216|0x000000008d800000, 0x000000008d800000, 0x000000008d900000|  0%| F|  |TAMS 0x000000008d800000| PB 0x000000008d800000| Untracked 
| 217|0x000000008d900000, 0x000000008d900000, 0x000000008da00000|  0%| F|  |TAMS 0x000000008d900000| PB 0x000000008d900000| Untracked 
| 218|0x000000008da00000, 0x000000008da00000, 0x000000008db00000|  0%| F|  |TAMS 0x000000008da00000| PB 0x000000008da00000| Untracked 
| 219|0x000000008db00000, 0x000000008db00000, 0x000000008dc00000|  0%| F|  |TAMS 0x000000008db00000| PB 0x000000008db00000| Untracked 
| 220|0x000000008dc00000, 0x000000008dc00000, 0x000000008dd00000|  0%| F|  |TAMS 0x000000008dc00000| PB 0x000000008dc00000| Untracked 
| 221|0x000000008dd00000, 0x000000008dd00000, 0x000000008de00000|  0%| F|  |TAMS 0x000000008dd00000| PB 0x000000008dd00000| Untracked 
| 222|0x000000008de00000, 0x000000008de00000, 0x000000008df00000|  0%| F|  |TAMS 0x000000008de00000| PB 0x000000008de00000| Untracked 
| 223|0x000000008df00000, 0x000000008df00000, 0x000000008e000000|  0%| F|  |TAMS 0x000000008df00000| PB 0x000000008df00000| Untracked 
| 224|0x000000008e000000, 0x000000008e000000, 0x000000008e100000|  0%| F|  |TAMS 0x000000008e000000| PB 0x000000008e000000| Untracked 
| 225|0x000000008e100000, 0x000000008e100000, 0x000000008e200000|  0%| F|  |TAMS 0x000000008e100000| PB 0x000000008e100000| Untracked 
| 226|0x000000008e200000, 0x000000008e200000, 0x000000008e300000|  0%| F|  |TAMS 0x000000008e200000| PB 0x000000008e200000| Untracked 
| 227|0x000000008e300000, 0x000000008e300000, 0x000000008e400000|  0%| F|  |TAMS 0x000000008e300000| PB 0x000000008e300000| Untracked 
| 228|0x000000008e400000, 0x000000008e400000, 0x000000008e500000|  0%| F|  |TAMS 0x000000008e400000| PB 0x000000008e400000| Untracked 
| 229|0x000000008e500000, 0x000000008e500000, 0x000000008e600000|  0%| F|  |TAMS 0x000000008e500000| PB 0x000000008e500000| Untracked 
| 230|0x000000008e600000, 0x000000008e600000, 0x000000008e700000|  0%| F|  |TAMS 0x000000008e600000| PB 0x000000008e600000| Untracked 
| 231|0x000000008e700000, 0x000000008e700000, 0x000000008e800000|  0%| F|  |TAMS 0x000000008e700000| PB 0x000000008e700000| Untracked 
| 232|0x000000008e800000, 0x000000008e800000, 0x000000008e900000|  0%| F|  |TAMS 0x000000008e800000| PB 0x000000008e800000| Untracked 
| 233|0x000000008e900000, 0x000000008e900000, 0x000000008ea00000|  0%| F|  |TAMS 0x000000008e900000| PB 0x000000008e900000| Untracked 
| 234|0x000000008ea00000, 0x000000008ea00000, 0x000000008eb00000|  0%| F|  |TAMS 0x000000008ea00000| PB 0x000000008ea00000| Untracked 
| 235|0x000000008eb00000, 0x000000008eb00000, 0x000000008ec00000|  0%| F|  |TAMS 0x000000008eb00000| PB 0x000000008eb00000| Untracked 
| 236|0x000000008ec00000, 0x000000008ec00000, 0x000000008ed00000|  0%| F|  |TAMS 0x000000008ec00000| PB 0x000000008ec00000| Untracked 
| 237|0x000000008ed00000, 0x000000008ed00000, 0x000000008ee00000|  0%| F|  |TAMS 0x000000008ed00000| PB 0x000000008ed00000| Untracked 
| 238|0x000000008ee00000, 0x000000008ee00000, 0x000000008ef00000|  0%| F|  |TAMS 0x000000008ee00000| PB 0x000000008ee00000| Untracked 
| 239|0x000000008ef00000, 0x000000008ef00000, 0x000000008f000000|  0%| F|  |TAMS 0x000000008ef00000| PB 0x000000008ef00000| Untracked 
| 240|0x000000008f000000, 0x000000008f000000, 0x000000008f100000|  0%| F|  |TAMS 0x000000008f000000| PB 0x000000008f000000| Untracked 
| 241|0x000000008f100000, 0x000000008f100000, 0x000000008f200000|  0%| F|  |TAMS 0x000000008f100000| PB 0x000000008f100000| Untracked 
| 242|0x000000008f200000, 0x000000008f200000, 0x000000008f300000|  0%| F|  |TAMS 0x000000008f200000| PB 0x000000008f200000| Untracked 
| 243|0x000000008f300000, 0x000000008f300000, 0x000000008f400000|  0%| F|  |TAMS 0x000000008f300000| PB 0x000000008f300000| Untracked 
| 244|0x000000008f400000, 0x000000008f400000, 0x000000008f500000|  0%| F|  |TAMS 0x000000008f400000| PB 0x000000008f400000| Untracked 
| 245|0x000000008f500000, 0x000000008f500000, 0x000000008f600000|  0%| F|  |TAMS 0x000000008f500000| PB 0x000000008f500000| Untracked 
| 246|0x000000008f600000, 0x000000008f600000, 0x000000008f700000|  0%| F|  |TAMS 0x000000008f600000| PB 0x000000008f600000| Untracked 
| 247|0x000000008f700000, 0x000000008f700000, 0x000000008f800000|  0%| F|  |TAMS 0x000000008f700000| PB 0x000000008f700000| Untracked 
| 248|0x000000008f800000, 0x000000008f800000, 0x000000008f900000|  0%| F|  |TAMS 0x000000008f800000| PB 0x000000008f800000| Untracked 
| 249|0x000000008f900000, 0x000000008f900000, 0x000000008fa00000|  0%| F|  |TAMS 0x000000008f900000| PB 0x000000008f900000| Untracked 
| 250|0x000000008fa00000, 0x000000008fa00000, 0x000000008fb00000|  0%| F|  |TAMS 0x000000008fa00000| PB 0x000000008fa00000| Untracked 
| 251|0x000000008fb00000, 0x000000008fb00000, 0x000000008fc00000|  0%| F|  |TAMS 0x000000008fb00000| PB 0x000000008fb00000| Untracked 
| 252|0x000000008fc00000, 0x000000008fc00000, 0x000000008fd00000|  0%| F|  |TAMS 0x000000008fc00000| PB 0x000000008fc00000| Untracked 
| 253|0x000000008fd00000, 0x000000008fd00000, 0x000000008fe00000|  0%| F|  |TAMS 0x000000008fd00000| PB 0x000000008fd00000| Untracked 
| 254|0x000000008fe00000, 0x000000008fe00000, 0x000000008ff00000|  0%| F|  |TAMS 0x000000008fe00000| PB 0x000000008fe00000| Untracked 
| 255|0x000000008ff00000, 0x000000008ff00000, 0x0000000090000000|  0%| F|  |TAMS 0x000000008ff00000| PB 0x000000008ff00000| Untracked 
| 256|0x0000000090000000, 0x0000000090000000, 0x0000000090100000|  0%| F|  |TAMS 0x0000000090000000| PB 0x0000000090000000| Untracked 
| 257|0x0000000090100000, 0x0000000090100000, 0x0000000090200000|  0%| F|  |TAMS 0x0000000090100000| PB 0x0000000090100000| Untracked 
| 258|0x0000000090200000, 0x0000000090200000, 0x0000000090300000|  0%| F|  |TAMS 0x0000000090200000| PB 0x0000000090200000| Untracked 
| 259|0x0000000090300000, 0x0000000090300000, 0x0000000090400000|  0%| F|  |TAMS 0x0000000090300000| PB 0x0000000090300000| Untracked 
| 260|0x0000000090400000, 0x0000000090400000, 0x0000000090500000|  0%| F|  |TAMS 0x0000000090400000| PB 0x0000000090400000| Untracked 
| 261|0x0000000090500000, 0x0000000090500000, 0x0000000090600000|  0%| F|  |TAMS 0x0000000090500000| PB 0x0000000090500000| Untracked 
| 262|0x0000000090600000, 0x0000000090600000, 0x0000000090700000|  0%| F|  |TAMS 0x0000000090600000| PB 0x0000000090600000| Untracked 
| 263|0x0000000090700000, 0x0000000090700000, 0x0000000090800000|  0%| F|  |TAMS 0x0000000090700000| PB 0x0000000090700000| Untracked 
| 264|0x0000000090800000, 0x0000000090800000, 0x0000000090900000|  0%| F|  |TAMS 0x0000000090800000| PB 0x0000000090800000| Untracked 
| 265|0x0000000090900000, 0x0000000090900000, 0x0000000090a00000|  0%| F|  |TAMS 0x0000000090900000| PB 0x0000000090900000| Untracked 
| 266|0x0000000090a00000, 0x0000000090a00000, 0x0000000090b00000|  0%| F|  |TAMS 0x0000000090a00000| PB 0x0000000090a00000| Untracked 
| 267|0x0000000090b00000, 0x0000000090b00000, 0x0000000090c00000|  0%| F|  |TAMS 0x0000000090b00000| PB 0x0000000090b00000| Untracked 
| 268|0x0000000090c00000, 0x0000000090c00000, 0x0000000090d00000|  0%| F|  |TAMS 0x0000000090c00000| PB 0x0000000090c00000| Untracked 
| 269|0x0000000090d00000, 0x0000000090d00000, 0x0000000090e00000|  0%| F|  |TAMS 0x0000000090d00000| PB 0x0000000090d00000| Untracked 
| 270|0x0000000090e00000, 0x0000000090e00000, 0x0000000090f00000|  0%| F|  |TAMS 0x0000000090e00000| PB 0x0000000090e00000| Untracked 
| 271|0x0000000090f00000, 0x0000000090f00000, 0x0000000091000000|  0%| F|  |TAMS 0x0000000090f00000| PB 0x0000000090f00000| Untracked 
| 272|0x0000000091000000, 0x0000000091000000, 0x0000000091100000|  0%| F|  |TAMS 0x0000000091000000| PB 0x0000000091000000| Untracked 
| 273|0x0000000091100000, 0x0000000091100000, 0x0000000091200000|  0%| F|  |TAMS 0x0000000091100000| PB 0x0000000091100000| Untracked 
| 274|0x0000000091200000, 0x0000000091200000, 0x0000000091300000|  0%| F|  |TAMS 0x0000000091200000| PB 0x0000000091200000| Untracked 
| 275|0x0000000091300000, 0x0000000091300000, 0x0000000091400000|  0%| F|  |TAMS 0x0000000091300000| PB 0x0000000091300000| Untracked 
| 276|0x0000000091400000, 0x0000000091400000, 0x0000000091500000|  0%| F|  |TAMS 0x0000000091400000| PB 0x0000000091400000| Untracked 
| 277|0x0000000091500000, 0x0000000091500000, 0x0000000091600000|  0%| F|  |TAMS 0x0000000091500000| PB 0x0000000091500000| Untracked 
| 278|0x0000000091600000, 0x0000000091600000, 0x0000000091700000|  0%| F|  |TAMS 0x0000000091600000| PB 0x0000000091600000| Untracked 
| 279|0x0000000091700000, 0x0000000091700000, 0x0000000091800000|  0%| F|  |TAMS 0x0000000091700000| PB 0x0000000091700000| Untracked 
| 280|0x0000000091800000, 0x0000000091800000, 0x0000000091900000|  0%| F|  |TAMS 0x0000000091800000| PB 0x0000000091800000| Untracked 
| 281|0x0000000091900000, 0x0000000091900000, 0x0000000091a00000|  0%| F|  |TAMS 0x0000000091900000| PB 0x0000000091900000| Untracked 
| 282|0x0000000091a00000, 0x0000000091a00000, 0x0000000091b00000|  0%| F|  |TAMS 0x0000000091a00000| PB 0x0000000091a00000| Untracked 
| 283|0x0000000091b00000, 0x0000000091b00000, 0x0000000091c00000|  0%| F|  |TAMS 0x0000000091b00000| PB 0x0000000091b00000| Untracked 
| 284|0x0000000091c00000, 0x0000000091c00000, 0x0000000091d00000|  0%| F|  |TAMS 0x0000000091c00000| PB 0x0000000091c00000| Untracked 
| 285|0x0000000091d00000, 0x0000000091d00000, 0x0000000091e00000|  0%| F|  |TAMS 0x0000000091d00000| PB 0x0000000091d00000| Untracked 
| 286|0x0000000091e00000, 0x0000000091e00000, 0x0000000091f00000|  0%| F|  |TAMS 0x0000000091e00000| PB 0x0000000091e00000| Untracked 
| 287|0x0000000091f00000, 0x0000000091f00000, 0x0000000092000000|  0%| F|  |TAMS 0x0000000091f00000| PB 0x0000000091f00000| Untracked 
| 288|0x0000000092000000, 0x0000000092000000, 0x0000000092100000|  0%| F|  |TAMS 0x0000000092000000| PB 0x0000000092000000| Untracked 
| 289|0x0000000092100000, 0x0000000092100000, 0x0000000092200000|  0%| F|  |TAMS 0x0000000092100000| PB 0x0000000092100000| Untracked 
| 290|0x0000000092200000, 0x0000000092200000, 0x0000000092300000|  0%| F|  |TAMS 0x0000000092200000| PB 0x0000000092200000| Untracked 
| 291|0x0000000092300000, 0x0000000092300000, 0x0000000092400000|  0%| F|  |TAMS 0x0000000092300000| PB 0x0000000092300000| Untracked 
| 292|0x0000000092400000, 0x0000000092400000, 0x0000000092500000|  0%| F|  |TAMS 0x0000000092400000| PB 0x0000000092400000| Untracked 
| 293|0x0000000092500000, 0x0000000092500000, 0x0000000092600000|  0%| F|  |TAMS 0x0000000092500000| PB 0x0000000092500000| Untracked 
| 294|0x0000000092600000, 0x0000000092600000, 0x0000000092700000|  0%| F|  |TAMS 0x0000000092600000| PB 0x0000000092600000| Untracked 
| 295|0x0000000092700000, 0x0000000092700000, 0x0000000092800000|  0%| F|  |TAMS 0x0000000092700000| PB 0x0000000092700000| Untracked 
| 296|0x0000000092800000, 0x0000000092800000, 0x0000000092900000|  0%| F|  |TAMS 0x0000000092800000| PB 0x0000000092800000| Untracked 
| 297|0x0000000092900000, 0x0000000092900000, 0x0000000092a00000|  0%| F|  |TAMS 0x0000000092900000| PB 0x0000000092900000| Untracked 
| 298|0x0000000092a00000, 0x0000000092a00000, 0x0000000092b00000|  0%| F|  |TAMS 0x0000000092a00000| PB 0x0000000092a00000| Untracked 
| 299|0x0000000092b00000, 0x0000000092b00000, 0x0000000092c00000|  0%| F|  |TAMS 0x0000000092b00000| PB 0x0000000092b00000| Untracked 
| 300|0x0000000092c00000, 0x0000000092c00000, 0x0000000092d00000|  0%| F|  |TAMS 0x0000000092c00000| PB 0x0000000092c00000| Untracked 
| 301|0x0000000092d00000, 0x0000000092d00000, 0x0000000092e00000|  0%| F|  |TAMS 0x0000000092d00000| PB 0x0000000092d00000| Untracked 
| 302|0x0000000092e00000, 0x0000000092e00000, 0x0000000092f00000|  0%| F|  |TAMS 0x0000000092e00000| PB 0x0000000092e00000| Untracked 
| 303|0x0000000092f00000, 0x0000000092f00000, 0x0000000093000000|  0%| F|  |TAMS 0x0000000092f00000| PB 0x0000000092f00000| Untracked 
| 304|0x0000000093000000, 0x0000000093000000, 0x0000000093100000|  0%| F|  |TAMS 0x0000000093000000| PB 0x0000000093000000| Untracked 
| 305|0x0000000093100000, 0x0000000093100000, 0x0000000093200000|  0%| F|  |TAMS 0x0000000093100000| PB 0x0000000093100000| Untracked 
| 306|0x0000000093200000, 0x0000000093200000, 0x0000000093300000|  0%| F|  |TAMS 0x0000000093200000| PB 0x0000000093200000| Untracked 
| 307|0x0000000093300000, 0x0000000093300000, 0x0000000093400000|  0%| F|  |TAMS 0x0000000093300000| PB 0x0000000093300000| Untracked 
| 308|0x0000000093400000, 0x0000000093400000, 0x0000000093500000|  0%| F|  |TAMS 0x0000000093400000| PB 0x0000000093400000| Untracked 
| 309|0x0000000093500000, 0x0000000093500000, 0x0000000093600000|  0%| F|  |TAMS 0x0000000093500000| PB 0x0000000093500000| Untracked 
| 310|0x0000000093600000, 0x0000000093600000, 0x0000000093700000|  0%| F|  |TAMS 0x0000000093600000| PB 0x0000000093600000| Untracked 
| 311|0x0000000093700000, 0x0000000093700000, 0x0000000093800000|  0%| F|  |TAMS 0x0000000093700000| PB 0x0000000093700000| Untracked 
| 312|0x0000000093800000, 0x0000000093800000, 0x0000000093900000|  0%| F|  |TAMS 0x0000000093800000| PB 0x0000000093800000| Untracked 
| 313|0x0000000093900000, 0x0000000093900000, 0x0000000093a00000|  0%| F|  |TAMS 0x0000000093900000| PB 0x0000000093900000| Untracked 
| 314|0x0000000093a00000, 0x0000000093a00000, 0x0000000093b00000|  0%| F|  |TAMS 0x0000000093a00000| PB 0x0000000093a00000| Untracked 
| 315|0x0000000093b00000, 0x0000000093b00000, 0x0000000093c00000|  0%| F|  |TAMS 0x0000000093b00000| PB 0x0000000093b00000| Untracked 
| 316|0x0000000093c00000, 0x0000000093c00000, 0x0000000093d00000|  0%| F|  |TAMS 0x0000000093c00000| PB 0x0000000093c00000| Untracked 
| 317|0x0000000093d00000, 0x0000000093d00000, 0x0000000093e00000|  0%| F|  |TAMS 0x0000000093d00000| PB 0x0000000093d00000| Untracked 
| 318|0x0000000093e00000, 0x0000000093e00000, 0x0000000093f00000|  0%| F|  |TAMS 0x0000000093e00000| PB 0x0000000093e00000| Untracked 
| 319|0x0000000093f00000, 0x0000000093f00000, 0x0000000094000000|  0%| F|  |TAMS 0x0000000093f00000| PB 0x0000000093f00000| Untracked 
| 320|0x0000000094000000, 0x0000000094000000, 0x0000000094100000|  0%| F|  |TAMS 0x0000000094000000| PB 0x0000000094000000| Untracked 
| 321|0x0000000094100000, 0x0000000094100000, 0x0000000094200000|  0%| F|  |TAMS 0x0000000094100000| PB 0x0000000094100000| Untracked 
| 322|0x0000000094200000, 0x0000000094200000, 0x0000000094300000|  0%| F|  |TAMS 0x0000000094200000| PB 0x0000000094200000| Untracked 
| 323|0x0000000094300000, 0x0000000094300000, 0x0000000094400000|  0%| F|  |TAMS 0x0000000094300000| PB 0x0000000094300000| Untracked 
| 324|0x0000000094400000, 0x0000000094400000, 0x0000000094500000|  0%| F|  |TAMS 0x0000000094400000| PB 0x0000000094400000| Untracked 
| 325|0x0000000094500000, 0x0000000094500000, 0x0000000094600000|  0%| F|  |TAMS 0x0000000094500000| PB 0x0000000094500000| Untracked 
| 326|0x0000000094600000, 0x0000000094600000, 0x0000000094700000|  0%| F|  |TAMS 0x0000000094600000| PB 0x0000000094600000| Untracked 
| 327|0x0000000094700000, 0x0000000094700000, 0x0000000094800000|  0%| F|  |TAMS 0x0000000094700000| PB 0x0000000094700000| Untracked 
| 328|0x0000000094800000, 0x0000000094800000, 0x0000000094900000|  0%| F|  |TAMS 0x0000000094800000| PB 0x0000000094800000| Untracked 
| 329|0x0000000094900000, 0x0000000094900000, 0x0000000094a00000|  0%| F|  |TAMS 0x0000000094900000| PB 0x0000000094900000| Untracked 
| 330|0x0000000094a00000, 0x0000000094a00000, 0x0000000094b00000|  0%| F|  |TAMS 0x0000000094a00000| PB 0x0000000094a00000| Untracked 
| 331|0x0000000094b00000, 0x0000000094b00000, 0x0000000094c00000|  0%| F|  |TAMS 0x0000000094b00000| PB 0x0000000094b00000| Untracked 
| 332|0x0000000094c00000, 0x0000000094c00000, 0x0000000094d00000|  0%| F|  |TAMS 0x0000000094c00000| PB 0x0000000094c00000| Untracked 
| 333|0x0000000094d00000, 0x0000000094d00000, 0x0000000094e00000|  0%| F|  |TAMS 0x0000000094d00000| PB 0x0000000094d00000| Untracked 
| 334|0x0000000094e00000, 0x0000000094e00000, 0x0000000094f00000|  0%| F|  |TAMS 0x0000000094e00000| PB 0x0000000094e00000| Untracked 
| 335|0x0000000094f00000, 0x0000000094f00000, 0x0000000095000000|  0%| F|  |TAMS 0x0000000094f00000| PB 0x0000000094f00000| Untracked 
| 336|0x0000000095000000, 0x0000000095000000, 0x0000000095100000|  0%| F|  |TAMS 0x0000000095000000| PB 0x0000000095000000| Untracked 
| 337|0x0000000095100000, 0x0000000095100000, 0x0000000095200000|  0%| F|  |TAMS 0x0000000095100000| PB 0x0000000095100000| Untracked 
| 338|0x0000000095200000, 0x0000000095200000, 0x0000000095300000|  0%| F|  |TAMS 0x0000000095200000| PB 0x0000000095200000| Untracked 
| 339|0x0000000095300000, 0x0000000095300000, 0x0000000095400000|  0%| F|  |TAMS 0x0000000095300000| PB 0x0000000095300000| Untracked 
| 340|0x0000000095400000, 0x0000000095400000, 0x0000000095500000|  0%| F|  |TAMS 0x0000000095400000| PB 0x0000000095400000| Untracked 
| 341|0x0000000095500000, 0x0000000095500000, 0x0000000095600000|  0%| F|  |TAMS 0x0000000095500000| PB 0x0000000095500000| Untracked 
| 342|0x0000000095600000, 0x0000000095600000, 0x0000000095700000|  0%| F|  |TAMS 0x0000000095600000| PB 0x0000000095600000| Untracked 
| 343|0x0000000095700000, 0x0000000095700000, 0x0000000095800000|  0%| F|  |TAMS 0x0000000095700000| PB 0x0000000095700000| Untracked 
| 344|0x0000000095800000, 0x0000000095800000, 0x0000000095900000|  0%| F|  |TAMS 0x0000000095800000| PB 0x0000000095800000| Untracked 
| 345|0x0000000095900000, 0x0000000095900000, 0x0000000095a00000|  0%| F|  |TAMS 0x0000000095900000| PB 0x0000000095900000| Untracked 
| 346|0x0000000095a00000, 0x0000000095a00000, 0x0000000095b00000|  0%| F|  |TAMS 0x0000000095a00000| PB 0x0000000095a00000| Untracked 
| 347|0x0000000095b00000, 0x0000000095b00000, 0x0000000095c00000|  0%| F|  |TAMS 0x0000000095b00000| PB 0x0000000095b00000| Untracked 
| 348|0x0000000095c00000, 0x0000000095c00000, 0x0000000095d00000|  0%| F|  |TAMS 0x0000000095c00000| PB 0x0000000095c00000| Untracked 
| 349|0x0000000095d00000, 0x0000000095d00000, 0x0000000095e00000|  0%| F|  |TAMS 0x0000000095d00000| PB 0x0000000095d00000| Untracked 
| 350|0x0000000095e00000, 0x0000000095e00000, 0x0000000095f00000|  0%| F|  |TAMS 0x0000000095e00000| PB 0x0000000095e00000| Untracked 
| 351|0x0000000095f00000, 0x0000000095f00000, 0x0000000096000000|  0%| F|  |TAMS 0x0000000095f00000| PB 0x0000000095f00000| Untracked 
| 352|0x0000000096000000, 0x0000000096000000, 0x0000000096100000|  0%| F|  |TAMS 0x0000000096000000| PB 0x0000000096000000| Untracked 
| 353|0x0000000096100000, 0x0000000096100000, 0x0000000096200000|  0%| F|  |TAMS 0x0000000096100000| PB 0x0000000096100000| Untracked 
| 354|0x0000000096200000, 0x0000000096200000, 0x0000000096300000|  0%| F|  |TAMS 0x0000000096200000| PB 0x0000000096200000| Untracked 
| 355|0x0000000096300000, 0x0000000096300000, 0x0000000096400000|  0%| F|  |TAMS 0x0000000096300000| PB 0x0000000096300000| Untracked 
| 356|0x0000000096400000, 0x0000000096400000, 0x0000000096500000|  0%| F|  |TAMS 0x0000000096400000| PB 0x0000000096400000| Untracked 
| 357|0x0000000096500000, 0x0000000096500000, 0x0000000096600000|  0%| F|  |TAMS 0x0000000096500000| PB 0x0000000096500000| Untracked 
| 358|0x0000000096600000, 0x0000000096600000, 0x0000000096700000|  0%| F|  |TAMS 0x0000000096600000| PB 0x0000000096600000| Untracked 
| 359|0x0000000096700000, 0x0000000096700000, 0x0000000096800000|  0%| F|  |TAMS 0x0000000096700000| PB 0x0000000096700000| Untracked 
| 360|0x0000000096800000, 0x0000000096800000, 0x0000000096900000|  0%| F|  |TAMS 0x0000000096800000| PB 0x0000000096800000| Untracked 
| 361|0x0000000096900000, 0x0000000096900000, 0x0000000096a00000|  0%| F|  |TAMS 0x0000000096900000| PB 0x0000000096900000| Untracked 
| 362|0x0000000096a00000, 0x0000000096a00000, 0x0000000096b00000|  0%| F|  |TAMS 0x0000000096a00000| PB 0x0000000096a00000| Untracked 
| 363|0x0000000096b00000, 0x0000000096b00000, 0x0000000096c00000|  0%| F|  |TAMS 0x0000000096b00000| PB 0x0000000096b00000| Untracked 
| 364|0x0000000096c00000, 0x0000000096c00000, 0x0000000096d00000|  0%| F|  |TAMS 0x0000000096c00000| PB 0x0000000096c00000| Untracked 
| 365|0x0000000096d00000, 0x0000000096d00000, 0x0000000096e00000|  0%| F|  |TAMS 0x0000000096d00000| PB 0x0000000096d00000| Untracked 
| 366|0x0000000096e00000, 0x0000000096e00000, 0x0000000096f00000|  0%| F|  |TAMS 0x0000000096e00000| PB 0x0000000096e00000| Untracked 
| 367|0x0000000096f00000, 0x0000000096f00000, 0x0000000097000000|  0%| F|  |TAMS 0x0000000096f00000| PB 0x0000000096f00000| Untracked 
| 368|0x0000000097000000, 0x0000000097000000, 0x0000000097100000|  0%| F|  |TAMS 0x0000000097000000| PB 0x0000000097000000| Untracked 
| 369|0x0000000097100000, 0x0000000097100000, 0x0000000097200000|  0%| F|  |TAMS 0x0000000097100000| PB 0x0000000097100000| Untracked 
| 370|0x0000000097200000, 0x0000000097200000, 0x0000000097300000|  0%| F|  |TAMS 0x0000000097200000| PB 0x0000000097200000| Untracked 
| 371|0x0000000097300000, 0x0000000097300000, 0x0000000097400000|  0%| F|  |TAMS 0x0000000097300000| PB 0x0000000097300000| Untracked 
| 372|0x0000000097400000, 0x0000000097400000, 0x0000000097500000|  0%| F|  |TAMS 0x0000000097400000| PB 0x0000000097400000| Untracked 
| 373|0x0000000097500000, 0x0000000097500000, 0x0000000097600000|  0%| F|  |TAMS 0x0000000097500000| PB 0x0000000097500000| Untracked 
| 374|0x0000000097600000, 0x0000000097600000, 0x0000000097700000|  0%| F|  |TAMS 0x0000000097600000| PB 0x0000000097600000| Untracked 
| 375|0x0000000097700000, 0x0000000097700000, 0x0000000097800000|  0%| F|  |TAMS 0x0000000097700000| PB 0x0000000097700000| Untracked 
| 376|0x0000000097800000, 0x0000000097800000, 0x0000000097900000|  0%| F|  |TAMS 0x0000000097800000| PB 0x0000000097800000| Untracked 
| 377|0x0000000097900000, 0x0000000097900000, 0x0000000097a00000|  0%| F|  |TAMS 0x0000000097900000| PB 0x0000000097900000| Untracked 
| 378|0x0000000097a00000, 0x0000000097a00000, 0x0000000097b00000|  0%| F|  |TAMS 0x0000000097a00000| PB 0x0000000097a00000| Untracked 
| 379|0x0000000097b00000, 0x0000000097b00000, 0x0000000097c00000|  0%| F|  |TAMS 0x0000000097b00000| PB 0x0000000097b00000| Untracked 
| 380|0x0000000097c00000, 0x0000000097c00000, 0x0000000097d00000|  0%| F|  |TAMS 0x0000000097c00000| PB 0x0000000097c00000| Untracked 
| 381|0x0000000097d00000, 0x0000000097d00000, 0x0000000097e00000|  0%| F|  |TAMS 0x0000000097d00000| PB 0x0000000097d00000| Untracked 
| 382|0x0000000097e00000, 0x0000000097e00000, 0x0000000097f00000|  0%| F|  |TAMS 0x0000000097e00000| PB 0x0000000097e00000| Untracked 
| 383|0x0000000097f00000, 0x0000000097f00000, 0x0000000098000000|  0%| F|  |TAMS 0x0000000097f00000| PB 0x0000000097f00000| Untracked 
| 384|0x0000000098000000, 0x0000000098000000, 0x0000000098100000|  0%| F|  |TAMS 0x0000000098000000| PB 0x0000000098000000| Untracked 
| 385|0x0000000098100000, 0x0000000098100000, 0x0000000098200000|  0%| F|  |TAMS 0x0000000098100000| PB 0x0000000098100000| Untracked 
| 386|0x0000000098200000, 0x0000000098200000, 0x0000000098300000|  0%| F|  |TAMS 0x0000000098200000| PB 0x0000000098200000| Untracked 
| 387|0x0000000098300000, 0x0000000098300000, 0x0000000098400000|  0%| F|  |TAMS 0x0000000098300000| PB 0x0000000098300000| Untracked 
| 388|0x0000000098400000, 0x0000000098400000, 0x0000000098500000|  0%| F|  |TAMS 0x0000000098400000| PB 0x0000000098400000| Untracked 
| 389|0x0000000098500000, 0x0000000098500000, 0x0000000098600000|  0%| F|  |TAMS 0x0000000098500000| PB 0x0000000098500000| Untracked 
| 390|0x0000000098600000, 0x0000000098600000, 0x0000000098700000|  0%| F|  |TAMS 0x0000000098600000| PB 0x0000000098600000| Untracked 
| 391|0x0000000098700000, 0x0000000098700000, 0x0000000098800000|  0%| F|  |TAMS 0x0000000098700000| PB 0x0000000098700000| Untracked 
| 392|0x0000000098800000, 0x0000000098800000, 0x0000000098900000|  0%| F|  |TAMS 0x0000000098800000| PB 0x0000000098800000| Untracked 
| 393|0x0000000098900000, 0x0000000098900000, 0x0000000098a00000|  0%| F|  |TAMS 0x0000000098900000| PB 0x0000000098900000| Untracked 
| 394|0x0000000098a00000, 0x0000000098a00000, 0x0000000098b00000|  0%| F|  |TAMS 0x0000000098a00000| PB 0x0000000098a00000| Untracked 
| 395|0x0000000098b00000, 0x0000000098b00000, 0x0000000098c00000|  0%| F|  |TAMS 0x0000000098b00000| PB 0x0000000098b00000| Untracked 
| 396|0x0000000098c00000, 0x0000000098c00000, 0x0000000098d00000|  0%| F|  |TAMS 0x0000000098c00000| PB 0x0000000098c00000| Untracked 
| 397|0x0000000098d00000, 0x0000000098d00000, 0x0000000098e00000|  0%| F|  |TAMS 0x0000000098d00000| PB 0x0000000098d00000| Untracked 
| 398|0x0000000098e00000, 0x0000000098e00000, 0x0000000098f00000|  0%| F|  |TAMS 0x0000000098e00000| PB 0x0000000098e00000| Untracked 
| 399|0x0000000098f00000, 0x0000000098f00000, 0x0000000099000000|  0%| F|  |TAMS 0x0000000098f00000| PB 0x0000000098f00000| Untracked 
| 400|0x0000000099000000, 0x0000000099000000, 0x0000000099100000|  0%| F|  |TAMS 0x0000000099000000| PB 0x0000000099000000| Untracked 
| 401|0x0000000099100000, 0x0000000099100000, 0x0000000099200000|  0%| F|  |TAMS 0x0000000099100000| PB 0x0000000099100000| Untracked 
| 402|0x0000000099200000, 0x0000000099200000, 0x0000000099300000|  0%| F|  |TAMS 0x0000000099200000| PB 0x0000000099200000| Untracked 
| 403|0x0000000099300000, 0x0000000099300000, 0x0000000099400000|  0%| F|  |TAMS 0x0000000099300000| PB 0x0000000099300000| Untracked 
| 404|0x0000000099400000, 0x0000000099400000, 0x0000000099500000|  0%| F|  |TAMS 0x0000000099400000| PB 0x0000000099400000| Untracked 
| 405|0x0000000099500000, 0x0000000099500000, 0x0000000099600000|  0%| F|  |TAMS 0x0000000099500000| PB 0x0000000099500000| Untracked 
| 406|0x0000000099600000, 0x0000000099600000, 0x0000000099700000|  0%| F|  |TAMS 0x0000000099600000| PB 0x0000000099600000| Untracked 
| 407|0x0000000099700000, 0x0000000099700000, 0x0000000099800000|  0%| F|  |TAMS 0x0000000099700000| PB 0x0000000099700000| Untracked 
| 408|0x0000000099800000, 0x0000000099800000, 0x0000000099900000|  0%| F|  |TAMS 0x0000000099800000| PB 0x0000000099800000| Untracked 
| 409|0x0000000099900000, 0x0000000099900000, 0x0000000099a00000|  0%| F|  |TAMS 0x0000000099900000| PB 0x0000000099900000| Untracked 
| 410|0x0000000099a00000, 0x0000000099a00000, 0x0000000099b00000|  0%| F|  |TAMS 0x0000000099a00000| PB 0x0000000099a00000| Untracked 
| 411|0x0000000099b00000, 0x0000000099b00000, 0x0000000099c00000|  0%| F|  |TAMS 0x0000000099b00000| PB 0x0000000099b00000| Untracked 
| 412|0x0000000099c00000, 0x0000000099c00000, 0x0000000099d00000|  0%| F|  |TAMS 0x0000000099c00000| PB 0x0000000099c00000| Untracked 
| 413|0x0000000099d00000, 0x0000000099d00000, 0x0000000099e00000|  0%| F|  |TAMS 0x0000000099d00000| PB 0x0000000099d00000| Untracked 
| 414|0x0000000099e00000, 0x0000000099e00000, 0x0000000099f00000|  0%| F|  |TAMS 0x0000000099e00000| PB 0x0000000099e00000| Untracked 
| 415|0x0000000099f00000, 0x0000000099f00000, 0x000000009a000000|  0%| F|  |TAMS 0x0000000099f00000| PB 0x0000000099f00000| Untracked 
| 416|0x000000009a000000, 0x000000009a000000, 0x000000009a100000|  0%| F|  |TAMS 0x000000009a000000| PB 0x000000009a000000| Untracked 
| 417|0x000000009a100000, 0x000000009a100000, 0x000000009a200000|  0%| F|  |TAMS 0x000000009a100000| PB 0x000000009a100000| Untracked 
| 418|0x000000009a200000, 0x000000009a200000, 0x000000009a300000|  0%| F|  |TAMS 0x000000009a200000| PB 0x000000009a200000| Untracked 
| 419|0x000000009a300000, 0x000000009a300000, 0x000000009a400000|  0%| F|  |TAMS 0x000000009a300000| PB 0x000000009a300000| Untracked 
| 420|0x000000009a400000, 0x000000009a400000, 0x000000009a500000|  0%| F|  |TAMS 0x000000009a400000| PB 0x000000009a400000| Untracked 
| 421|0x000000009a500000, 0x000000009a500000, 0x000000009a600000|  0%| F|  |TAMS 0x000000009a500000| PB 0x000000009a500000| Untracked 
| 422|0x000000009a600000, 0x000000009a600000, 0x000000009a700000|  0%| F|  |TAMS 0x000000009a600000| PB 0x000000009a600000| Untracked 
| 423|0x000000009a700000, 0x000000009a700000, 0x000000009a800000|  0%| F|  |TAMS 0x000000009a700000| PB 0x000000009a700000| Untracked 
| 424|0x000000009a800000, 0x000000009a800000, 0x000000009a900000|  0%| F|  |TAMS 0x000000009a800000| PB 0x000000009a800000| Untracked 
| 425|0x000000009a900000, 0x000000009a900000, 0x000000009aa00000|  0%| F|  |TAMS 0x000000009a900000| PB 0x000000009a900000| Untracked 
| 426|0x000000009aa00000, 0x000000009aa00000, 0x000000009ab00000|  0%| F|  |TAMS 0x000000009aa00000| PB 0x000000009aa00000| Untracked 
| 427|0x000000009ab00000, 0x000000009ab00000, 0x000000009ac00000|  0%| F|  |TAMS 0x000000009ab00000| PB 0x000000009ab00000| Untracked 
| 428|0x000000009ac00000, 0x000000009ac00000, 0x000000009ad00000|  0%| F|  |TAMS 0x000000009ac00000| PB 0x000000009ac00000| Untracked 
| 429|0x000000009ad00000, 0x000000009ad00000, 0x000000009ae00000|  0%| F|  |TAMS 0x000000009ad00000| PB 0x000000009ad00000| Untracked 
| 430|0x000000009ae00000, 0x000000009ae00000, 0x000000009af00000|  0%| F|  |TAMS 0x000000009ae00000| PB 0x000000009ae00000| Untracked 
| 431|0x000000009af00000, 0x000000009af00000, 0x000000009b000000|  0%| F|  |TAMS 0x000000009af00000| PB 0x000000009af00000| Untracked 
| 432|0x000000009b000000, 0x000000009b000000, 0x000000009b100000|  0%| F|  |TAMS 0x000000009b000000| PB 0x000000009b000000| Untracked 
| 433|0x000000009b100000, 0x000000009b100000, 0x000000009b200000|  0%| F|  |TAMS 0x000000009b100000| PB 0x000000009b100000| Untracked 
| 434|0x000000009b200000, 0x000000009b200000, 0x000000009b300000|  0%| F|  |TAMS 0x000000009b200000| PB 0x000000009b200000| Untracked 
| 435|0x000000009b300000, 0x000000009b300000, 0x000000009b400000|  0%| F|  |TAMS 0x000000009b300000| PB 0x000000009b300000| Untracked 
| 436|0x000000009b400000, 0x000000009b400000, 0x000000009b500000|  0%| F|  |TAMS 0x000000009b400000| PB 0x000000009b400000| Untracked 
| 437|0x000000009b500000, 0x000000009b500000, 0x000000009b600000|  0%| F|  |TAMS 0x000000009b500000| PB 0x000000009b500000| Untracked 
| 438|0x000000009b600000, 0x000000009b600000, 0x000000009b700000|  0%| F|  |TAMS 0x000000009b600000| PB 0x000000009b600000| Untracked 
| 439|0x000000009b700000, 0x000000009b700000, 0x000000009b800000|  0%| F|  |TAMS 0x000000009b700000| PB 0x000000009b700000| Untracked 
| 440|0x000000009b800000, 0x000000009b800000, 0x000000009b900000|  0%| F|  |TAMS 0x000000009b800000| PB 0x000000009b800000| Untracked 
| 441|0x000000009b900000, 0x000000009b900000, 0x000000009ba00000|  0%| F|  |TAMS 0x000000009b900000| PB 0x000000009b900000| Untracked 
| 442|0x000000009ba00000, 0x000000009ba00000, 0x000000009bb00000|  0%| F|  |TAMS 0x000000009ba00000| PB 0x000000009ba00000| Untracked 
| 443|0x000000009bb00000, 0x000000009bb00000, 0x000000009bc00000|  0%| F|  |TAMS 0x000000009bb00000| PB 0x000000009bb00000| Untracked 
| 444|0x000000009bc00000, 0x000000009bc00000, 0x000000009bd00000|  0%| F|  |TAMS 0x000000009bc00000| PB 0x000000009bc00000| Untracked 
| 445|0x000000009bd00000, 0x000000009bd00000, 0x000000009be00000|  0%| F|  |TAMS 0x000000009bd00000| PB 0x000000009bd00000| Untracked 
| 446|0x000000009be00000, 0x000000009be00000, 0x000000009bf00000|  0%| F|  |TAMS 0x000000009be00000| PB 0x000000009be00000| Untracked 
| 447|0x000000009bf00000, 0x000000009bf00000, 0x000000009c000000|  0%| F|  |TAMS 0x000000009bf00000| PB 0x000000009bf00000| Untracked 
|2027|0x00000000feb00000, 0x00000000fec00000, 0x00000000fec00000|100%| O|  |TAMS 0x00000000fec00000| PB 0x00000000feb00000| Untracked 
|2028|0x00000000fec00000, 0x00000000fed00000, 0x00000000fed00000|100%| O|  |TAMS 0x00000000fed00000| PB 0x00000000fec00000| Untracked 
|2029|0x00000000fed00000, 0x00000000fee00000, 0x00000000fee00000|100%| O|  |TAMS 0x00000000fee00000| PB 0x00000000fed00000| Untracked 
|2030|0x00000000fee00000, 0x00000000fef00000, 0x00000000fef00000|100%| O|  |TAMS 0x00000000fef00000| PB 0x00000000fee00000| Untracked 
|2031|0x00000000fef00000, 0x00000000ff000000, 0x00000000ff000000|100%| O|  |TAMS 0x00000000ff000000| PB 0x00000000fef00000| Untracked 
|2032|0x00000000ff000000, 0x00000000ff100000, 0x00000000ff100000|100%| O|  |TAMS 0x00000000ff100000| PB 0x00000000ff000000| Untracked 
|2033|0x00000000ff100000, 0x00000000ff200000, 0x00000000ff200000|100%| O|  |TAMS 0x00000000ff200000| PB 0x00000000ff100000| Untracked 
|2034|0x00000000ff200000, 0x00000000ff300000, 0x00000000ff300000|100%| O|  |TAMS 0x00000000ff300000| PB 0x00000000ff200000| Untracked 
|2035|0x00000000ff300000, 0x00000000ff400000, 0x00000000ff400000|100%| O|  |TAMS 0x00000000ff400000| PB 0x00000000ff300000| Untracked 
|2036|0x00000000ff400000, 0x00000000ff500000, 0x00000000ff500000|100%| O|  |TAMS 0x00000000ff500000| PB 0x00000000ff400000| Untracked 
|2037|0x00000000ff500000, 0x00000000ff600000, 0x00000000ff600000|100%| O|  |TAMS 0x00000000ff600000| PB 0x00000000ff500000| Untracked 
|2038|0x00000000ff600000, 0x00000000ff700000, 0x00000000ff700000|100%| O|  |TAMS 0x00000000ff700000| PB 0x00000000ff600000| Untracked 
|2039|0x00000000ff700000, 0x00000000ff700000, 0x00000000ff800000|  0%| F|  |TAMS 0x00000000ff700000| PB 0x00000000ff700000| Untracked 
|2040|0x00000000ff800000, 0x00000000ff800000, 0x00000000ff900000|  0%| F|  |TAMS 0x00000000ff800000| PB 0x00000000ff800000| Untracked 
|2041|0x00000000ff900000, 0x00000000ff900000, 0x00000000ffa00000|  0%| F|  |TAMS 0x00000000ff900000| PB 0x00000000ff900000| Untracked 
|2042|0x00000000ffa00000, 0x00000000ffa00000, 0x00000000ffb00000|  0%| F|  |TAMS 0x00000000ffa00000| PB 0x00000000ffa00000| Untracked 
|2043|0x00000000ffb00000, 0x00000000ffb00000, 0x00000000ffc00000|  0%| F|  |TAMS 0x00000000ffb00000| PB 0x00000000ffb00000| Untracked 
|2044|0x00000000ffc00000, 0x00000000ffc00000, 0x00000000ffd00000|  0%| F|  |TAMS 0x00000000ffc00000| PB 0x00000000ffc00000| Untracked 
|2045|0x00000000ffd00000, 0x00000000ffd00000, 0x00000000ffe00000|  0%| F|  |TAMS 0x00000000ffd00000| PB 0x00000000ffd00000| Untracked 
|2046|0x00000000ffe00000, 0x00000000ffe00000, 0x00000000fff00000|  0%| F|  |TAMS 0x00000000ffe00000| PB 0x00000000ffe00000| Untracked 
|2047|0x00000000fff00000, 0x00000000fff00000, 0x0000000100000000|  0%| F|  |TAMS 0x00000000fff00000| PB 0x00000000fff00000| Untracked 

Card table byte_map: [0x00000144bfa10000,0x00000144bfe10000] _byte_map_base: 0x00000144bf610000

Marking Bits: (CMBitMap*) 0x00000144ad1d7770
 Bits: [0x00000144bfe10000, 0x00000144c1e10000)

Polling page: 0x00000144aafd0000

Metaspace:

Usage:
  Non-class:    169.06 MB used.
      Class:     24.85 MB used.
       Both:    193.91 MB used.

Virtual space:
  Non-class space:      192.00 MB reserved,     170.38 MB ( 89%) committed,  3 nodes.
      Class space:      416.00 MB reserved,      26.12 MB (  6%) committed,  1 nodes.
             Both:      608.00 MB reserved,     196.50 MB ( 32%) committed. 

Chunk freelists:
   Non-Class:  5.67 MB
       Class:  5.94 MB
        Both:  11.61 MB

MaxMetaspaceSize: 512.00 MB
CompressedClassSpaceSize: 416.00 MB
Initial GC threshold: 21.00 MB
Current GC threshold: 327.31 MB
CDS: off
 - commit_granule_bytes: 65536.
 - commit_granule_words: 8192.
 - virtual_space_node_default_size: 8388608.
 - enlarge_chunks_in_place: 1.
 - use_allocation_guard: 0.


Internal statistics:

num_allocs_failed_limit: 18.
num_arena_births: 5106.
num_arena_deaths: 2.
num_vsnodes_births: 4.
num_vsnodes_deaths: 0.
num_space_committed: 3142.
num_space_uncommitted: 0.
num_chunks_returned_to_freelist: 21.
num_chunks_taken_from_freelist: 12837.
num_chunk_merges: 15.
num_chunk_splits: 9031.
num_chunks_enlarged: 6399.
num_inconsistent_stats: 0.

CodeHeap 'non-profiled nmethods': size=120000Kb used=16177Kb max_used=17608Kb free=103822Kb
 bounds [0x00000144b7db0000, 0x00000144b8f10000, 0x00000144bf2e0000]
CodeHeap 'profiled nmethods': size=120000Kb used=49379Kb max_used=54627Kb free=70620Kb
 bounds [0x00000144b02e0000, 0x00000144b3840000, 0x00000144b7810000]
CodeHeap 'non-nmethods': size=5760Kb used=3017Kb max_used=3146Kb free=2742Kb
 bounds [0x00000144b7810000, 0x00000144b7b60000, 0x00000144b7db0000]
CodeCache: size=245760Kb, used=68573Kb, max_used=75381Kb, free=177184Kb
 total_blobs=21465, nmethods=20208, adapters=1156, full_count=0
Compilation: enabled, stopped_count=0, restarted_count=0

Compilation events (20 events):
Event: 110.839 Thread 0x00000144c49e54d0 31022       3       java.util.TimSort::mergeHi (732 bytes)
Event: 110.842 Thread 0x00000144c49e54d0 nmethod 31022 0x00000144b034b890 code [0x00000144b034bc20, 0x00000144b034df58]
Event: 110.861 Thread 0x00000144c49e54d0 31025 %     3       org.jetbrains.org.objectweb.asm.ClassWriter::toByteArray @ 51 (1535 bytes)
Event: 110.870 Thread 0x00000144c49e54d0 nmethod 31025% 0x00000144b0412510 code [0x00000144b0412e60, 0x00000144b0416e68]
Event: 110.871 Thread 0x00000144c49e54d0 31026       2       org.jetbrains.org.objectweb.asm.SymbolTable::putConstantPool (28 bytes)
Event: 110.871 Thread 0x00000144c49e54d0 nmethod 31026 0x00000144b03af090 code [0x00000144b03af240, 0x00000144b03af3d0]
Event: 110.871 Thread 0x00000144c49e54d0 31027       2       org.jetbrains.org.objectweb.asm.SymbolTable::getConstantPoolLength (8 bytes)
Event: 110.871 Thread 0x00000144c49e54d0 nmethod 31027 0x00000144b1c76190 code [0x00000144b1c76320, 0x00000144b1c76430]
Event: 110.871 Thread 0x00000144c49e54d0 31028       2       org.jetbrains.org.objectweb.asm.ByteVector::<init> (12 bytes)
Event: 110.871 Thread 0x00000144c49e54d0 nmethod 31028 0x00000144b0403390 code [0x00000144b0403540, 0x00000144b0403720]
Event: 110.871 Thread 0x00000144c49e54d0 31029       2       org.jetbrains.org.objectweb.asm.SymbolTable::computeBootstrapMethodsSize (27 bytes)
Event: 110.871 Thread 0x00000144c49e54d0 nmethod 31029 0x00000144b06cc110 code [0x00000144b06cc2c0, 0x00000144b06cc448]
Event: 110.871 Thread 0x00000144c49e54d0 31031       3       org.jetbrains.org.objectweb.asm.ClassWriter::toByteArray (1535 bytes)
Event: 110.880 Thread 0x00000144c49e54d0 nmethod 31031 0x00000144b2762b10 code [0x00000144b2763460, 0x00000144b27670a8]
Event: 110.884 Thread 0x00000144c49e54d0 31032       2       org.jetbrains.org.objectweb.asm.tree.FieldNode::visitAnnotation (42 bytes)
Event: 110.884 Thread 0x00000144c49e54d0 nmethod 31032 0x00000144b092ed90 code [0x00000144b092efa0, 0x00000144b092f540]
Event: 110.897 Thread 0x00000144c49e54d0 31033       3       java.util.TimSort::mergeCollapse (134 bytes)
Event: 110.898 Thread 0x00000144c49e54d0 nmethod 31033 0x00000144b0976d90 code [0x00000144b0976f80, 0x00000144b0977450]
Event: 110.899 Thread 0x00000144c49e54d0 31034       2       org.jetbrains.org.objectweb.asm.FieldWriter::visitAnnotation (40 bytes)
Event: 110.899 Thread 0x00000144c49e54d0 nmethod 31034 0x00000144b036e310 code [0x00000144b036e4e0, 0x00000144b036e720]

GC Heap History (20 events):
Event: 96.687 GC heap after
{Heap after GC invocations=112 (full 0):
 garbage-first heap   total 326656K, used 133092K [0x0000000080000000, 0x0000000100000000)
  region size 1024K, 7 young (7168K), 7 survivors (7168K)
 Metaspace       used 188213K, committed 190656K, reserved 622592K
  class space    used 24333K, committed 25536K, reserved 425984K
}
Event: 97.588 GC heap before
{Heap before GC invocations=113 (full 0):
 garbage-first heap   total 326656K, used 314340K [0x0000000080000000, 0x0000000100000000)
  region size 1024K, 178 young (182272K), 7 survivors (7168K)
 Metaspace       used 193379K, committed 195840K, reserved 622592K
  class space    used 24771K, committed 25984K, reserved 425984K
}
Event: 97.601 GC heap after
{Heap after GC invocations=114 (full 0):
 garbage-first heap   total 329728K, used 143524K [0x0000000080000000, 0x0000000100000000)
  region size 1024K, 13 young (13312K), 13 survivors (13312K)
 Metaspace       used 193379K, committed 195840K, reserved 622592K
  class space    used 24771K, committed 25984K, reserved 425984K
}
Event: 98.366 GC heap before
{Heap before GC invocations=114 (full 0):
 garbage-first heap   total 329728K, used 310436K [0x0000000080000000, 0x0000000100000000)
  region size 1024K, 177 young (181248K), 13 survivors (13312K)
 Metaspace       used 193624K, committed 196096K, reserved 622592K
  class space    used 24772K, committed 25984K, reserved 425984K
}
Event: 98.378 GC heap after
{Heap after GC invocations=115 (full 0):
 garbage-first heap   total 329728K, used 137214K [0x0000000080000000, 0x0000000100000000)
  region size 1024K, 9 young (9216K), 9 survivors (9216K)
 Metaspace       used 193624K, committed 196096K, reserved 622592K
  class space    used 24772K, committed 25984K, reserved 425984K
}
Event: 99.635 GC heap before
{Heap before GC invocations=115 (full 0):
 garbage-first heap   total 329728K, used 311294K [0x0000000080000000, 0x0000000100000000)
  region size 1024K, 179 young (183296K), 9 survivors (9216K)
 Metaspace       used 193654K, committed 196160K, reserved 622592K
  class space    used 24777K, committed 25984K, reserved 425984K
}
Event: 99.645 GC heap after
{Heap after GC invocations=116 (full 0):
 garbage-first heap   total 329728K, used 138522K [0x0000000080000000, 0x0000000100000000)
  region size 1024K, 10 young (10240K), 10 survivors (10240K)
 Metaspace       used 193654K, committed 196160K, reserved 622592K
  class space    used 24777K, committed 25984K, reserved 425984K
}
Event: 100.668 GC heap before
{Heap before GC invocations=117 (full 0):
 garbage-first heap   total 329728K, used 311578K [0x0000000080000000, 0x0000000100000000)
  region size 1024K, 179 young (183296K), 10 survivors (10240K)
 Metaspace       used 193654K, committed 196160K, reserved 622592K
  class space    used 24777K, committed 25984K, reserved 425984K
}
Event: 100.679 GC heap after
{Heap after GC invocations=118 (full 0):
 garbage-first heap   total 329728K, used 140390K [0x0000000080000000, 0x0000000100000000)
  region size 1024K, 12 young (12288K), 12 survivors (12288K)
 Metaspace       used 193654K, committed 196160K, reserved 622592K
  class space    used 24777K, committed 25984K, reserved 425984K
}
Event: 107.933 GC heap before
{Heap before GC invocations=118 (full 0):
 garbage-first heap   total 329728K, used 310374K [0x0000000080000000, 0x0000000100000000)
  region size 1024K, 179 young (183296K), 12 survivors (12288K)
 Metaspace       used 198364K, committed 201024K, reserved 622592K
  class space    used 25445K, committed 26688K, reserved 425984K
}
Event: 107.951 GC heap after
{Heap after GC invocations=119 (full 0):
 garbage-first heap   total 329728K, used 140397K [0x0000000080000000, 0x0000000100000000)
  region size 1024K, 13 young (13312K), 13 survivors (13312K)
 Metaspace       used 198364K, committed 201024K, reserved 622592K
  class space    used 25445K, committed 26688K, reserved 425984K
}
Event: 110.044 GC heap before
{Heap before GC invocations=119 (full 0):
 garbage-first heap   total 329728K, used 146541K [0x0000000080000000, 0x0000000100000000)
  region size 1024K, 21 young (21504K), 13 survivors (13312K)
 Metaspace       used 198452K, committed 201088K, reserved 622592K
  class space    used 25447K, committed 26752K, reserved 425984K
}
Event: 110.056 GC heap after
{Heap after GC invocations=120 (full 0):
 garbage-first heap   total 329728K, used 140699K [0x0000000080000000, 0x0000000100000000)
  region size 1024K, 13 young (13312K), 13 survivors (13312K)
 Metaspace       used 198452K, committed 201088K, reserved 622592K
  class space    used 25447K, committed 26752K, reserved 425984K
}
Event: 110.463 GC heap before
{Heap before GC invocations=121 (full 0):
 garbage-first heap   total 329728K, used 310683K [0x0000000080000000, 0x0000000100000000)
  region size 1024K, 173 young (177152K), 13 survivors (13312K)
 Metaspace       used 198486K, committed 201152K, reserved 622592K
  class space    used 25447K, committed 26752K, reserved 425984K
}
Event: 110.490 GC heap after
{Heap after GC invocations=122 (full 0):
 garbage-first heap   total 348160K, used 170284K [0x0000000080000000, 0x0000000100000000)
  region size 1024K, 22 young (22528K), 22 survivors (22528K)
 Metaspace       used 198486K, committed 201152K, reserved 622592K
  class space    used 25447K, committed 26752K, reserved 425984K
}
Event: 110.669 GC heap before
{Heap before GC invocations=122 (full 0):
 garbage-first heap   total 348160K, used 313644K [0x0000000080000000, 0x0000000100000000)
  region size 1024K, 161 young (164864K), 22 survivors (22528K)
 Metaspace       used 198503K, committed 201152K, reserved 622592K
  class space    used 25448K, committed 26752K, reserved 425984K
}
Event: 110.694 GC heap after
{Heap after GC invocations=123 (full 0):
 garbage-first heap   total 350208K, used 178532K [0x0000000080000000, 0x0000000100000000)
  region size 1024K, 9 young (9216K), 9 survivors (9216K)
 Metaspace       used 198503K, committed 201152K, reserved 622592K
  class space    used 25448K, committed 26752K, reserved 425984K
}
Event: 110.699 GC heap before
{Heap before GC invocations=123 (full 0):
 garbage-first heap   total 350208K, used 182628K [0x0000000080000000, 0x0000000100000000)
  region size 1024K, 14 young (14336K), 9 survivors (9216K)
 Metaspace       used 198503K, committed 201152K, reserved 622592K
  class space    used 25448K, committed 26752K, reserved 425984K
}
Event: 110.707 GC heap after
{Heap after GC invocations=124 (full 0):
 garbage-first heap   total 350208K, used 177566K [0x0000000080000000, 0x0000000100000000)
  region size 1024K, 8 young (8192K), 8 survivors (8192K)
 Metaspace       used 198503K, committed 201152K, reserved 622592K
  class space    used 25448K, committed 26752K, reserved 425984K
}
Event: 110.942 GC heap before
{Heap before GC invocations=124 (full 0):
 garbage-first heap   total 350208K, used 322974K [0x0000000080000000, 0x0000000100000000)
  region size 1024K, 149 young (152576K), 8 survivors (8192K)
 Metaspace       used 198565K, committed 201216K, reserved 622592K
  class space    used 25450K, committed 26752K, reserved 425984K
}

Dll operation events (3 events):
Event: 0.015 Loaded shared library C:\Program Files\Android\Android Studio\jbr\bin\java.dll
Event: 0.023 Loaded shared library C:\Program Files\Android\Android Studio\jbr\bin\zip.dll
Event: 1.030 Loaded shared library C:\Program Files\Android\Android Studio\jbr\bin\verify.dll

Deoptimization events (20 events):
Event: 110.604 Thread 0x00000144d1bf4d80 DEOPT PACKING pc=0x00000144b03719fd sp=0x0000002e23ffab60
Event: 110.604 Thread 0x00000144d1bf4d80 DEOPT UNPACKING pc=0x00000144b7864b42 sp=0x0000002e23ffa060 mode 0
Event: 110.606 Thread 0x00000144d1bf2cb0 DEOPT PACKING pc=0x00000144b03719fd sp=0x0000002e230face0
Event: 110.606 Thread 0x00000144d1bf2cb0 DEOPT UNPACKING pc=0x00000144b7864b42 sp=0x0000002e230fa1e0 mode 0
Event: 110.607 Thread 0x00000144d1bf4d80 DEOPT PACKING pc=0x00000144b03719fd sp=0x0000002e23ffab60
Event: 110.607 Thread 0x00000144d1bf4d80 DEOPT UNPACKING pc=0x00000144b7864b42 sp=0x0000002e23ffa060 mode 0
Event: 110.609 Thread 0x00000144cc561440 DEOPT PACKING pc=0x00000144b03719fd sp=0x0000002e240fa970
Event: 110.609 Thread 0x00000144cc561440 DEOPT UNPACKING pc=0x00000144b7864b42 sp=0x0000002e240f9e70 mode 0
Event: 110.722 Thread 0x00000144cd71b2e0 Uncommon trap: trap_request=0xffffff45 fr.pc=0x00000144b84d9b24 relative=0x0000000000000244
Event: 110.722 Thread 0x00000144cd71b2e0 Uncommon trap: reason=unstable_if action=reinterpret pc=0x00000144b84d9b24 method=org.jetbrains.kotlin.protobuf.SmallSortedMap.binarySearchInArray(Ljava/lang/Comparable;)I @ 44 c2
Event: 110.722 Thread 0x00000144cd71b2e0 DEOPT PACKING pc=0x00000144b84d9b24 sp=0x0000002e249fa400
Event: 110.722 Thread 0x00000144cd71b2e0 DEOPT UNPACKING pc=0x00000144b78643a2 sp=0x0000002e249fa390 mode 2
Event: 110.839 Thread 0x00000144d1bf39d0 DEOPT PACKING pc=0x00000144b0ac6408 sp=0x0000002e23dfac60
Event: 110.839 Thread 0x00000144d1bf39d0 DEOPT UNPACKING pc=0x00000144b7864b42 sp=0x0000002e23dfa150 mode 0
Event: 110.854 Thread 0x00000144d1bf2cb0 DEOPT PACKING pc=0x00000144b1266fcf sp=0x0000002e230fab00
Event: 110.854 Thread 0x00000144d1bf2cb0 DEOPT UNPACKING pc=0x00000144b7864b42 sp=0x0000002e230fa210 mode 0
Event: 110.859 Thread 0x00000144cc561440 Uncommon trap: trap_request=0xffffff45 fr.pc=0x00000144b81e5950 relative=0x0000000000003710
Event: 110.859 Thread 0x00000144cc561440 Uncommon trap: reason=unstable_if action=reinterpret pc=0x00000144b81e5950 method=org.jetbrains.org.objectweb.asm.ClassWriter.toByteArray()[B @ 364 c2
Event: 110.859 Thread 0x00000144cc561440 DEOPT PACKING pc=0x00000144b81e5950 sp=0x0000002e240fad80
Event: 110.859 Thread 0x00000144cc561440 DEOPT UNPACKING pc=0x00000144b78643a2 sp=0x0000002e240fad28 mode 2

Classes loaded (20 events):
Event: 102.212 Loading class sun/rmi/server/LoaderHandler$Loader
Event: 102.212 Loading class sun/rmi/server/LoaderHandler$Loader done
Event: 102.217 Loading class java/rmi/server/ServerNotActiveException
Event: 102.217 Loading class java/rmi/server/ServerNotActiveException done
Event: 102.222 Loading class sun/rmi/transport/DGCAckHandler
Event: 102.223 Loading class sun/rmi/transport/DGCAckHandler done
Event: 102.228 Loading class sun/rmi/transport/DGCAckHandler$1
Event: 102.229 Loading class sun/rmi/transport/DGCAckHandler$1 done
Event: 102.231 Loading class sun/rmi/transport/tcp/TCPTransport$ConnectionHandler
Event: 102.232 Loading class sun/rmi/transport/tcp/TCPTransport$ConnectionHandler done
Event: 102.238 Loading class sun/rmi/transport/Transport$1
Event: 102.238 Loading class sun/rmi/transport/Transport$1 done
Event: 102.239 Loading class sun/rmi/transport/DGCImpl$LeaseInfo
Event: 102.239 Loading class sun/rmi/transport/DGCImpl$LeaseInfo done
Event: 102.239 Loading class sun/rmi/transport/DGCImpl$1
Event: 102.239 Loading class sun/rmi/transport/DGCImpl$1 done
Event: 102.240 Loading class sun/rmi/transport/SequenceEntry
Event: 102.240 Loading class sun/rmi/transport/SequenceEntry done
Event: 107.952 Loading class sun/rmi/transport/DGCClient$EndpointEntry$CleanRequest
Event: 107.952 Loading class sun/rmi/transport/DGCClient$EndpointEntry$CleanRequest done

Classes unloaded (3 events):
Event: 13.147 Thread 0x00000144c491cef0 Unloading class 0x0000000100700988 '_BuildScript_$_run_closure2'
Event: 13.147 Thread 0x00000144c491cef0 Unloading class 0x0000000100700568 '_BuildScript_$_run_closure1'
Event: 13.147 Thread 0x00000144c491cef0 Unloading class 0x0000000100700000 '_BuildScript_'

Classes redefined (0 events):
No events

Internal exceptions (20 events):
Event: 110.458 Thread 0x00000144d1bf4d80 Exception <a 'sun/nio/fs/WindowsException'{0x000000008997f8b0}> (0x000000008997f8b0) 
thrown [s\src\hotspot\share\prims\jni.cpp, line 537]
Event: 110.458 Thread 0x00000144d1bf4d80 Exception <a 'sun/nio/fs/WindowsException'{0x0000000089980ad0}> (0x0000000089980ad0) 
thrown [s\src\hotspot\share\prims\jni.cpp, line 537]
Event: 110.462 Thread 0x00000144cd71b970 Exception <a 'sun/nio/fs/WindowsException'{0x00000000896d5820}> (0x00000000896d5820) 
thrown [s\src\hotspot\share\prims\jni.cpp, line 537]
Event: 110.462 Thread 0x00000144cd71b970 Exception <a 'sun/nio/fs/WindowsException'{0x00000000896d66c0}> (0x00000000896d66c0) 
thrown [s\src\hotspot\share\prims\jni.cpp, line 537]
Event: 110.462 Thread 0x00000144cd71b970 Exception <a 'sun/nio/fs/WindowsException'{0x00000000896d77a0}> (0x00000000896d77a0) 
thrown [s\src\hotspot\share\prims\jni.cpp, line 537]
Event: 110.463 Thread 0x00000144cd71b970 Exception <a 'sun/nio/fs/WindowsException'{0x00000000896d89c0}> (0x00000000896d89c0) 
thrown [s\src\hotspot\share\prims\jni.cpp, line 537]
Event: 110.536 Thread 0x00000144d1bf4d80 Exception <a 'sun/nio/fs/WindowsException'{0x00000000923361d8}> (0x00000000923361d8) 
thrown [s\src\hotspot\share\prims\jni.cpp, line 537]
Event: 110.544 Thread 0x00000144d1bf4d80 Exception <a 'sun/nio/fs/WindowsException'{0x000000009234a208}> (0x000000009234a208) 
thrown [s\src\hotspot\share\prims\jni.cpp, line 537]
Event: 110.548 Thread 0x00000144e133ce60 Exception <a 'sun/nio/fs/WindowsException'{0x00000000915ac5f8}> (0x00000000915ac5f8) 
thrown [s\src\hotspot\share\prims\jni.cpp, line 537]
Event: 110.554 Thread 0x00000144e133ce60 Exception <a 'sun/nio/fs/WindowsException'{0x00000000910af7e0}> (0x00000000910af7e0) 
thrown [s\src\hotspot\share\prims\jni.cpp, line 537]
Event: 110.557 Thread 0x00000144d1bf4d80 Exception <a 'sun/nio/fs/WindowsException'{0x0000000090e8cf40}> (0x0000000090e8cf40) 
thrown [s\src\hotspot\share\prims\jni.cpp, line 537]
Event: 110.558 Thread 0x00000144d1bf4d80 Exception <a 'sun/nio/fs/WindowsException'{0x0000000090e8dde0}> (0x0000000090e8dde0) 
thrown [s\src\hotspot\share\prims\jni.cpp, line 537]
Event: 110.558 Thread 0x00000144d1bf4d80 Exception <a 'sun/nio/fs/WindowsException'{0x0000000090e8eec0}> (0x0000000090e8eec0) 
thrown [s\src\hotspot\share\prims\jni.cpp, line 537]
Event: 110.558 Thread 0x00000144d1bf4d80 Exception <a 'sun/nio/fs/WindowsException'{0x0000000090e900e0}> (0x0000000090e900e0) 
thrown [s\src\hotspot\share\prims\jni.cpp, line 537]
Event: 110.571 Thread 0x00000144cd71b970 Exception <a 'sun/nio/fs/WindowsException'{0x00000000903614f8}> (0x00000000903614f8) 
thrown [s\src\hotspot\share\prims\jni.cpp, line 537]
Event: 110.577 Thread 0x00000144cd71b970 Exception <a 'sun/nio/fs/WindowsException'{0x00000000902d7220}> (0x00000000902d7220) 
thrown [s\src\hotspot\share\prims\jni.cpp, line 537]
Event: 110.578 Thread 0x00000144cd718b80 Exception <a 'sun/nio/fs/WindowsException'{0x000000008ffc18e0}> (0x000000008ffc18e0) 
thrown [s\src\hotspot\share\prims\jni.cpp, line 537]
Event: 110.589 Thread 0x00000144cd718b80 Exception <a 'sun/nio/fs/WindowsException'{0x000000008fa6c188}> (0x000000008fa6c188) 
thrown [s\src\hotspot\share\prims\jni.cpp, line 537]
Event: 110.609 Thread 0x00000144d1bf4d80 Exception <a 'sun/nio/fs/WindowsException'{0x000000008e8273f8}> (0x000000008e8273f8) 
thrown [s\src\hotspot\share\prims\jni.cpp, line 537]
Event: 110.615 Thread 0x00000144d1bf4d80 Exception <a 'sun/nio/fs/WindowsException'{0x000000008e83e598}> (0x000000008e83e598) 
thrown [s\src\hotspot\share\prims\jni.cpp, line 537]

ZGC Phase Switch (0 events):
No events

VM Operations (20 events):
Event: 107.951 Executing safepoint VM operation: G1CollectForAllocation (G1 Evacuation Pause) done
Event: 109.952 Executing safepoint VM operation: Cleanup
Event: 109.952 Executing safepoint VM operation: Cleanup done
Event: 110.044 Executing safepoint VM operation: G1TryInitiateConcMark (G1 Humongous Allocation)
Event: 110.056 Executing safepoint VM operation: G1TryInitiateConcMark (G1 Humongous Allocation) done
Event: 110.308 Executing safepoint VM operation: G1PauseRemark
Event: 110.324 Executing safepoint VM operation: G1PauseRemark done
Event: 110.447 Executing safepoint VM operation: G1PauseCleanup
Event: 110.447 Executing safepoint VM operation: G1PauseCleanup done
Event: 110.463 Executing safepoint VM operation: G1CollectForAllocation (G1 Evacuation Pause)
Event: 110.490 Executing safepoint VM operation: G1CollectForAllocation (G1 Evacuation Pause) done
Event: 110.668 Executing safepoint VM operation: G1CollectForAllocation (G1 Evacuation Pause)
Event: 110.669 Executing safepoint VM operation: G1CollectForAllocation (G1 Evacuation Pause) done
Event: 110.669 Executing safepoint VM operation: G1CollectForAllocation (GCLocker Initiated GC)
Event: 110.694 Executing safepoint VM operation: G1CollectForAllocation (GCLocker Initiated GC) done
Event: 110.699 Executing safepoint VM operation: G1TryInitiateConcMark (G1 Humongous Allocation)
Event: 110.699 Executing safepoint VM operation: G1TryInitiateConcMark (G1 Humongous Allocation) done
Event: 110.699 Executing safepoint VM operation: G1TryInitiateConcMark (G1 Humongous Allocation)
Event: 110.707 Executing safepoint VM operation: G1TryInitiateConcMark (G1 Humongous Allocation) done
Event: 110.942 Executing safepoint VM operation: G1CollectForAllocation (G1 Evacuation Pause)

Memory protections (0 events):
No events

Nmethod flushes (20 events):
Event: 110.321 Thread 0x00000144c491cef0 flushing  nmethod 0x00000144b0b17090
Event: 110.321 Thread 0x00000144c491cef0 flushing  nmethod 0x00000144b0b3b890
Event: 110.321 Thread 0x00000144c491cef0 flushing  nmethod 0x00000144b0b3cc90
Event: 110.321 Thread 0x00000144c491cef0 flushing  nmethod 0x00000144b0c23090
Event: 110.321 Thread 0x00000144c491cef0 flushing  nmethod 0x00000144b0e7cb10
Event: 110.321 Thread 0x00000144c491cef0 flushing  nmethod 0x00000144b0ef9390
Event: 110.321 Thread 0x00000144c491cef0 flushing osr nmethod 0x00000144b0f68c90
Event: 110.321 Thread 0x00000144c491cef0 flushing  nmethod 0x00000144b0f6d890
Event: 110.321 Thread 0x00000144c491cef0 flushing  nmethod 0x00000144b1057910
Event: 110.321 Thread 0x00000144c491cef0 flushing  nmethod 0x00000144b1058890
Event: 110.321 Thread 0x00000144c491cef0 flushing  nmethod 0x00000144b1215710
Event: 110.321 Thread 0x00000144c491cef0 flushing  nmethod 0x00000144b12b6c10
Event: 110.321 Thread 0x00000144c491cef0 flushing  nmethod 0x00000144b130b110
Event: 110.321 Thread 0x00000144c491cef0 flushing  nmethod 0x00000144b182c610
Event: 110.321 Thread 0x00000144c491cef0 flushing  nmethod 0x00000144b1a56890
Event: 110.321 Thread 0x00000144c491cef0 flushing  nmethod 0x00000144b1dd3010
Event: 110.321 Thread 0x00000144c491cef0 flushing  nmethod 0x00000144b2361110
Event: 110.321 Thread 0x00000144c491cef0 flushing  nmethod 0x00000144b3831510
Event: 110.321 Thread 0x00000144c491cef0 flushing  nmethod 0x00000144b3831d10
Event: 110.321 Thread 0x00000144c491cef0 flushing  nmethod 0x00000144b3833390

Events (20 events):
Event: 104.431 Thread 0x00000144e133ce60 Thread added: 0x00000144d1151560
Event: 104.532 Thread 0x00000144ca20b1f0 Thread exited: 0x00000144ca20b1f0
Event: 104.778 Thread 0x00000144cf900820 Thread exited: 0x00000144cf900820
Event: 104.788 Thread 0x00000144c49e54d0 Thread added: 0x00000144ca20b1f0
Event: 104.795 Thread 0x00000144c49e54d0 Thread added: 0x00000144ca208910
Event: 104.996 Thread 0x00000144ca208910 Thread exited: 0x00000144ca208910
Event: 104.996 Thread 0x00000144ca20b1f0 Thread exited: 0x00000144ca20b1f0
Event: 106.262 Thread 0x00000144e133ce60 Thread added: 0x00000144e1d8c020
Event: 106.262 Thread 0x00000144e133ce60 Thread added: 0x00000144e1d8b300
Event: 106.263 Thread 0x00000144e133ce60 Thread added: 0x00000144e1d8b990
Event: 106.263 Thread 0x00000144e133ce60 Thread added: 0x00000144db77e7c0
Event: 106.264 Thread 0x00000144e133ce60 Thread added: 0x00000144db77ee50
Event: 106.264 Thread 0x00000144e133ce60 Thread added: 0x00000144db77daa0
Event: 107.420 Thread 0x00000144e133ce60 Thread added: 0x00000144d237d640
Event: 107.930 Thread 0x00000144e133ce60 Thread added: 0x00000144d237e360
Event: 107.931 Thread 0x00000144e133ce60 Thread added: 0x00000144d237dcd0
Event: 107.931 Thread 0x00000144e133ce60 Thread added: 0x00000144d237e9f0
Event: 107.956 Thread 0x00000144ce7675d0 Thread exited: 0x00000144ce7675d0
Event: 110.064 Thread 0x00000144c49e54d0 Thread added: 0x00000144e16294d0
Event: 110.076 Thread 0x00000144c49e54d0 Thread added: 0x00000144ca208910


Dynamic libraries:
0x00007ff7ab680000 - 0x00007ff7ab68a000 	C:\Program Files\Android\Android Studio\jbr\bin\java.exe
0x00007ffaba800000 - 0x00007ffabaa67000 	C:\WINDOWS\SYSTEM32\ntdll.dll
0x00007ffab9810000 - 0x00007ffab98d9000 	C:\WINDOWS\System32\KERNEL32.DLL
0x00007ffab8040000 - 0x00007ffab8434000 	C:\WINDOWS\System32\KERNELBASE.dll
0x00007ffab70d0000 - 0x00007ffab721b000 	C:\WINDOWS\System32\ucrtbase.dll
0x00007ffa8e730000 - 0x00007ffa8e748000 	C:\Program Files\Android\Android Studio\jbr\bin\jli.dll
0x00007ffa8e0f0000 - 0x00007ffa8e10b000 	C:\Program Files\Android\Android Studio\jbr\bin\VCRUNTIME140.dll
0x00007ffab8590000 - 0x00007ffab8755000 	C:\WINDOWS\System32\USER32.dll
0x00007ffa99e50000 - 0x00007ffa9a0e3000 	C:\WINDOWS\WinSxS\amd64_microsoft.windows.common-controls_6595b64144ccf1df_6.0.26100.8115_none_3e075c82e3354f9c\COMCTL32.dll
0x00007ffab7ee0000 - 0x00007ffab7f07000 	C:\WINDOWS\System32\win32u.dll
0x00007ffaba3c0000 - 0x00007ffaba469000 	C:\WINDOWS\System32\msvcrt.dll
0x00007ffab8eb0000 - 0x00007ffab8edb000 	C:\WINDOWS\System32\GDI32.dll
0x00007ffab7f10000 - 0x00007ffab803b000 	C:\WINDOWS\System32\gdi32full.dll
0x00007ffab72d0000 - 0x00007ffab7373000 	C:\WINDOWS\System32\msvcp_win.dll
0x00007ffaba770000 - 0x00007ffaba7a2000 	C:\WINDOWS\System32\IMM32.DLL
0x00007ffaa9a10000 - 0x00007ffaa9a1c000 	C:\Program Files\Android\Android Studio\jbr\bin\vcruntime140_1.dll
0x00007ffa27950000 - 0x00007ffa279dd000 	C:\Program Files\Android\Android Studio\jbr\bin\msvcp140.dll
0x00007ffa1a9c0000 - 0x00007ffa1b656000 	C:\Program Files\Android\Android Studio\jbr\bin\server\jvm.dll
0x00007ffab9530000 - 0x00007ffab95e6000 	C:\WINDOWS\System32\ADVAPI32.dll
0x00007ffaba470000 - 0x00007ffaba517000 	C:\WINDOWS\System32\sechost.dll
0x00007ffaba590000 - 0x00007ffaba6a8000 	C:\WINDOWS\System32\RPCRT4.dll
0x00007ffab92a0000 - 0x00007ffab9320000 	C:\WINDOWS\System32\WS2_32.dll
0x00007ffab6f50000 - 0x00007ffab6fae000 	C:\WINDOWS\SYSTEM32\POWRPROF.dll
0x00007ffaa0390000 - 0x00007ffaa03c6000 	C:\WINDOWS\SYSTEM32\WINMM.dll
0x00007ffab0dd0000 - 0x00007ffab0ddb000 	C:\WINDOWS\SYSTEM32\VERSION.dll
0x00007ffab6f30000 - 0x00007ffab6f44000 	C:\WINDOWS\SYSTEM32\UMPDC.dll
0x00007ffab5e20000 - 0x00007ffab5e3b000 	C:\WINDOWS\SYSTEM32\kernel.appcore.dll
0x00007ffa8e820000 - 0x00007ffa8e82a000 	C:\Program Files\Android\Android Studio\jbr\bin\jimage.dll
0x00007ffab5030000 - 0x00007ffab5272000 	C:\WINDOWS\SYSTEM32\DBGHELP.DLL
0x00007ffab8ef0000 - 0x00007ffab9272000 	C:\WINDOWS\System32\combase.dll
0x00007ffab8dd0000 - 0x00007ffab8ea8000 	C:\WINDOWS\System32\OLEAUT32.dll
0x00007ffa9cb90000 - 0x00007ffa9cbcb000 	C:\WINDOWS\SYSTEM32\dbgcore.DLL
0x00007ffab7220000 - 0x00007ffab72c5000 	C:\WINDOWS\System32\bcryptPrimitives.dll
0x00007ffa3afe0000 - 0x00007ffa3afee000 	C:\Program Files\Android\Android Studio\jbr\bin\instrument.dll
0x00007ffa86bb0000 - 0x00007ffa86bd0000 	C:\Program Files\Android\Android Studio\jbr\bin\java.dll
0x00007ffa3c950000 - 0x00007ffa3c968000 	C:\Program Files\Android\Android Studio\jbr\bin\zip.dll
0x00007ffab9a70000 - 0x00007ffaba1d7000 	C:\WINDOWS\System32\SHELL32.dll
0x00007ffab7d70000 - 0x00007ffab7eda000 	C:\WINDOWS\System32\wintypes.dll
0x00007ffab7380000 - 0x00007ffab7be8000 	C:\WINDOWS\System32\windows.storage.dll
0x00007ffab9430000 - 0x00007ffab9528000 	C:\WINDOWS\System32\SHCORE.dll
0x00007ffaba520000 - 0x00007ffaba586000 	C:\WINDOWS\System32\shlwapi.dll
0x00007ffab6ff0000 - 0x00007ffab7019000 	C:\WINDOWS\SYSTEM32\profapi.dll
0x00007ffa9c320000 - 0x00007ffa9c330000 	C:\Program Files\Android\Android Studio\jbr\bin\net.dll
0x00007ffab0a50000 - 0x00007ffab0b7d000 	C:\WINDOWS\SYSTEM32\WINHTTP.dll
0x00007ffab6370000 - 0x00007ffab63dc000 	C:\WINDOWS\system32\mswsock.dll
0x00007ffa3b020000 - 0x00007ffa3b036000 	C:\Program Files\Android\Android Studio\jbr\bin\nio.dll
0x00007ffa3aff0000 - 0x00007ffa3b000000 	C:\Program Files\Android\Android Studio\jbr\bin\verify.dll
0x00007ffa9cca0000 - 0x00007ffa9ccc7000 	C:\Users\Aamir\.gradle\native\1def1411415f61bf3af743bc5b6707747c0891f09f0c88961ee8f79bc544acac\windows-amd64\native-platform.dll
0x00007ffa41650000 - 0x00007ffa416c8000 	C:\Users\Aamir\.gradle\native\0.2.7\x86_64-windows-gnu\gradle-fileevents.dll
0x00007ffa86ba0000 - 0x00007ffa86ba9000 	C:\Program Files\Android\Android Studio\jbr\bin\management.dll
0x00007ffa3ca80000 - 0x00007ffa3ca8b000 	C:\Program Files\Android\Android Studio\jbr\bin\management_ext.dll
0x00007ffaba7b0000 - 0x00007ffaba7b8000 	C:\WINDOWS\System32\PSAPI.DLL
0x00007ffab5800000 - 0x00007ffab5832000 	C:\WINDOWS\SYSTEM32\IPHLPAPI.DLL
0x00007ffab8ee0000 - 0x00007ffab8eea000 	C:\WINDOWS\System32\NSI.dll
0x00007ffa3b010000 - 0x00007ffa3b019000 	C:\Program Files\Android\Android Studio\jbr\bin\extnet.dll
0x00007ffab6770000 - 0x00007ffab678b000 	C:\WINDOWS\SYSTEM32\CRYPTSP.dll
0x00007ffab5d80000 - 0x00007ffab5db9000 	C:\WINDOWS\system32\rsaenh.dll
0x00007ffab6420000 - 0x00007ffab6453000 	C:\WINDOWS\SYSTEM32\USERENV.dll
0x00007ffab6fc0000 - 0x00007ffab6fea000 	C:\WINDOWS\SYSTEM32\bcrypt.dll
0x00007ffab65d0000 - 0x00007ffab65dc000 	C:\WINDOWS\SYSTEM32\CRYPTBASE.dll
0x00007ffa8ae10000 - 0x00007ffa8ae18000 	C:\WINDOWS\system32\wshunix.dll
0x00007ffab58f0000 - 0x00007ffab5a22000 	C:\WINDOWS\SYSTEM32\DNSAPI.dll
0x00007ffa9e810000 - 0x00007ffa9e81b000 	C:\Windows\System32\rasadhlp.dll
0x00007ffaae460000 - 0x00007ffaae4e6000 	C:\WINDOWS\System32\fwpuclnt.dll
0x00007ffa9d0c0000 - 0x00007ffa9d0c7000 	C:\Program Files\Android\Android Studio\jbr\bin\rmi.dll

JVMTI agents:
C:\Users\Aamir\.gradle\wrapper\dists\gradle-8.13-bin\5xuhj0ry160q40clulazy9h7d\gradle-8.13\lib\agents\gradle-instrumentation-agent-8.13.jar path:C:\Program Files\Android\Android Studio\jbr\bin\instrument.dll, loaded, initialized, instrumentlib options:none

dbghelp: loaded successfully - version: 4.0.5 - missing functions: none
symbol engine: initialized successfully - sym options: 0x614 - pdb path: .;C:\Program Files\Android\Android Studio\jbr\bin;C:\WINDOWS\SYSTEM32;C:\WINDOWS\WinSxS\amd64_microsoft.windows.common-controls_6595b64144ccf1df_6.0.26100.8115_none_3e075c82e3354f9c;C:\Program Files\Android\Android Studio\jbr\bin\server;C:\Users\Aamir\.gradle\native\1def1411415f61bf3af743bc5b6707747c0891f09f0c88961ee8f79bc544acac\windows-amd64;C:\Users\Aamir\.gradle\native\0.2.7\x86_64-windows-gnu

VM Arguments:
jvm_args: --add-opens=java.base/java.lang=ALL-UNNAMED --add-opens=java.base/java.lang.invoke=ALL-UNNAMED --add-opens=java.base/java.util=ALL-UNNAMED --add-opens=java.prefs/java.util.prefs=ALL-UNNAMED --add-exports=jdk.compiler/com.sun.tools.javac.api=ALL-UNNAMED --add-exports=jdk.compiler/com.sun.tools.javac.util=ALL-UNNAMED --add-opens=java.base/java.util=ALL-UNNAMED --add-opens=java.prefs/java.util.prefs=ALL-UNNAMED --add-opens=java.base/java.nio.charset=ALL-UNNAMED --add-opens=java.base/java.net=ALL-UNNAMED --add-opens=java.base/java.util.concurrent.atomic=ALL-UNNAMED --add-opens=java.xml/javax.xml.namespace=ALL-UNNAMED -XX:MaxMetaspaceSize=512m -Xmx2048m -Dfile.encoding=UTF-8 -Duser.country=US -Duser.language=en -Duser.variant -javaagent:C:\Users\Aamir\.gradle\wrapper\dists\gradle-8.13-bin\5xuhj0ry160q40clulazy9h7d\gradle-8.13\lib\agents\gradle-instrumentation-agent-8.13.jar 
java_command: org.gradle.launcher.daemon.bootstrap.GradleDaemon 8.13
java_class_path (initial): C:\Users\Aamir\.gradle\wrapper\dists\gradle-8.13-bin\5xuhj0ry160q40clulazy9h7d\gradle-8.13\lib\gradle-daemon-main-8.13.jar
Launcher Type: SUN_STANDARD

[Global flags]
     intx CICompilerCount                          = 4                                         {product} {ergonomic}
   size_t CompressedClassSpaceSize                 = 436207616                                 {product} {ergonomic}
     uint ConcGCThreads                            = 2                                         {product} {ergonomic}
     uint G1ConcRefinementThreads                  = 8                                         {product} {ergonomic}
   size_t G1HeapRegionSize                         = 1048576                                   {product} {ergonomic}
    uintx GCDrainStackTargetSize                   = 64                                        {product} {ergonomic}
   size_t InitialHeapSize                          = 266338304                                 {product} {ergonomic}
   size_t MarkStackSize                            = 4194304                                   {product} {ergonomic}
   size_t MaxHeapSize                              = 2147483648                                {product} {command line}
   size_t MaxMetaspaceSize                         = 536870912                                 {product} {command line}
   size_t MaxNewSize                               = 1287651328                                {product} {ergonomic}
   size_t MinHeapDeltaBytes                        = 1048576                                   {product} {ergonomic}
   size_t MinHeapSize                              = 8388608                                   {product} {ergonomic}
    uintx NonNMethodCodeHeapSize                   = 5839372                                {pd product} {ergonomic}
    uintx NonProfiledCodeHeapSize                  = 122909434                              {pd product} {ergonomic}
    uintx ProfiledCodeHeapSize                     = 122909434                              {pd product} {ergonomic}
    uintx ReservedCodeCacheSize                    = 251658240                              {pd product} {ergonomic}
     bool SegmentedCodeCache                       = true                                      {product} {ergonomic}
   size_t SoftMaxHeapSize                          = 2147483648                             {manageable} {ergonomic}
     bool UseCompressedOops                        = true                           {product lp64_product} {ergonomic}
     bool UseG1GC                                  = true                                      {product} {ergonomic}
     bool UseLargePagesIndividualAllocation        = false                                  {pd product} {ergonomic}

Logging:
Log output configuration:
 #0: stdout all=warning uptime,level,tags foldmultilines=false
 #1: stderr all=off uptime,level,tags foldmultilines=false

Release file:
JAVA_VERSION="21.0.10" 
MODULES="java.base java.compiler java.datatransfer java.xml java.prefs java.desktop java.instrument java.logging java.management java.security.sasl java.naming java.rmi java.management.rmi java.net.http java.scripting java.security.jgss java.transaction.xa java.sql java.sql.rowset java.xml.crypto java.se java.smartcardio jdk.accessibility jdk.internal.jvmstat jdk.attach jdk.charsets jdk.internal.opt jdk.zipfs jdk.compiler jdk.crypto.ec jdk.crypto.cryptoki jdk.dynalink jdk.hotspot.agent jdk.httpserver jdk.internal.ed jdk.internal.le jdk.internal.vm.ci jdk.jartool jdk.javadoc jdk.jcmd jdk.jdeps jdk.jdwp.agent jdk.jdi jdk.jfr jdk.jlink jdk.jsobject jdk.localedata jdk.management jdk.management.agent jdk.management.jfr jdk.naming.dns jdk.naming.rmi jdk.net jdk.sctp jdk.security.auth jdk.security.jgss jdk.unsupported jdk.unsupported.desktop jdk.xml.dom" 
IMPLEMENTOR="JetBrains s.r.o." 
JAVA_RUNTIME_VERSION="21.0.10+-14961533-b1163.108" 
LIBC="default" 
OS_ARCH="x86_64" 
OS_NAME="Windows" 
SOURCE=".:git:1351622c2ff2" 

Environment Variables:
JAVA_HOME=C:\Program Files\Android\Android Studio\jbr
PATH=D:\Aamir Data\Fixit\Fixit\node_modules\.bin;D:\Aamir Data\Fixit\Fixit\node_modules\.bin;D:\Aamir Data\Fixit\node_modules\.bin;D:\Aamir Data\node_modules\.bin;D:\node_modules\.bin;C:\Users\Aamir\AppData\Roaming\npm\node_modules\npm\node_modules\@npmcli\run-script\lib\node-gyp-bin;C:\WINDOWS\system32;C:\WINDOWS;C:\WINDOWS\System32\Wbem;C:\WINDOWS\System32\WindowsPowerShell\v1.0\;C:\WINDOWS\System32\OpenSSH\;C:\ProgramData\chocolatey\bin;C:\Program Files\Microsoft SQL Server\150\Tools\Binn\;C:\Program Files\Microsoft SQL Server\Client SDK\ODBC\170\Tools\Binn\;C:\Program Files\dotnet\;C:\Program Files (x86)\Microsoft SQL Server\160\DTS\Binn\;C:\Program Files\Git\cmd;C:\Program Files (x86)\Microsoft SQL Server\150\Tools\Binn\;C:\Program Files\Microsoft SQL Server\150\DTS\Binn\;C:\Program Files (x86)\Microsoft SQL Server\160\Tools\Binn\;C:\Program Files\Microsoft SQL Server\160\Tools\Binn\;C:\Program Files\Microsoft SQL Server\160\DTS\Binn\;C:\Program Files\nodejs\;C:\ffmpeg\bin;C:\Program Files\Android\Android Studio\jbr\bin;C:\Program Files\Android\Android Studio\jbr\bin;C:\Users\Aamir\AppData\Local\Microsoft\WindowsApps;C:\Users\Aamir\AppData\Local\Programs\Microsoft VS Code\bin;C:\Users\Aamir\.dotnet\tools;C:\Users\Aamir\AppData\Local\Android\Sdk\platform-tools
USERNAME=Aamir
OS=Windows_NT
PROCESSOR_IDENTIFIER=Intel64 Family 6 Model 142 Stepping 12, GenuineIntel
TMP=C:\Users\Aamir\AppData\Local\Temp
TEMP=C:\Users\Aamir\AppData\Local\Temp




Periodic native trim disabled

JNI global refs:
JNI global refs: 31, weak refs: 48

JNI global refs memory usage: 835, weak refs: 833

Process memory usage:
Resident Set Size: 876412K (5% of 16610716K total physical memory with 1144672K free physical memory)

OOME stack traces (most recent first):
Classloader memory used:
Loader org.gradle.internal.classloader.VisitableURLClassLoader                         : 123M
Loader bootstrap                                                                       : 36454K
Loader org.gradle.initialization.MixInLegacyTypesClassLoader                           : 12939K
Loader org.gradle.internal.classloader.VisitableURLClassLoader$InstrumentingVisitableURLClassLoader: 8229K
Loader jdk.internal.loader.ClassLoaders$AppClassLoader                                 : 7723K
Loader java.net.URLClassLoader                                                         : 5228K
Loader jdk.internal.loader.ClassLoaders$PlatformClassLoader                            : 1000K
Loader org.gradle.internal.classloader.VisitableURLClassLoader                         : 364K
Loader jdk.internal.jrtfs.JrtFileSystemProvider$JrtFsLoader                            : 344K
Loader jdk.internal.reflect.DelegatingClassLoader                                      : 297K
Loader org.gradle.groovy.scripts.internal.DefaultScriptCompilationHandler$ScriptClassLoader: 23936B
Loader org.codehaus.groovy.runtime.callsite.CallSiteClassLoader                        : 3680B

Classes loaded by more than one classloader:
Class Program                                                                         : loaded 12 times (x 72B)
Class Build_gradle$1                                                                  : loaded 10 times (x 78B)
Class Build_gradle                                                                    : loaded 10 times (x 130B)
Class Build_gradle$2                                                                  : loaded 5 times (x 79B)
Class Build_gradle$5                                                                  : loaded 5 times (x 74B)
Class Build_gradle$4                                                                  : loaded 5 times (x 74B)
Class Build_gradle$3                                                                  : loaded 5 times (x 74B)
Class org.gradle.kotlin.dsl.VersionCatalogAccessorsKt                                 : loaded 5 times (x 71B)
Class org.gradle.kotlin.dsl.ImplementationConfigurationAccessorsKt                    : loaded 4 times (x 71B)
Class org.gradle.kotlin.dsl.Accessors9osmdt78klrrxidc9srcw3tsqKt                      : loaded 4 times (x 71B)
Class org.gradle.kotlin.dsl.Accessors96b3ii45gitqpy1kb3tvcvtxvKt                      : loaded 4 times (x 71B)
Class Build_gradle$6                                                                  : loaded 4 times (x 74B)
Class org.gradle.kotlin.dsl.TestImplementationConfigurationAccessorsKt                : loaded 3 times (x 71B)
Class Build_gradle$5$1                                                                : loaded 3 times (x 79B)
Class kotlin.collections.CollectionsKt__ReversedViewsKt                               : loaded 2 times (x 71B)
Class jdk.internal.jimage.BasicImageReader                                            : loaded 2 times (x 95B)
Class org.gradle.internal.classloader.ClassLoaderHierarchy                            : loaded 2 times (x 70B)
Class [Lorg.jetbrains.kotlin.metadata.ProtoBuf$Modality;                              : loaded 2 times (x 69B)
Class org.jetbrains.org.objectweb.asm.tree.Util                                       : loaded 2 times (x 71B)
Class org.gradle.api.internal.classpath.ManifestUtil                                  : loaded 2 times (x 71B)
Class org.jetbrains.kotlin.metadata.ProtoBuf$Effect$InvocationKind$1                  : loaded 2 times (x 74B)
Class org.jetbrains.kotlin.protobuf.GeneratedMessageLite$1                            : loaded 2 times (x 71B)
Class org.jetbrains.kotlin.metadata.ProtoBuf$FunctionOrBuilder                        : loaded 2 times (x 70B)
Class org.jetbrains.kotlin.protobuf.GeneratedMessageLite$ExtendableMessageOrBuilder   : loaded 2 times (x 70B)
Class org.jetbrains.org.objectweb.asm.tree.FieldInsnNode                              : loaded 2 times (x 79B)
Class org.jetbrains.kotlin.protobuf.ByteString$Output                                 : loaded 2 times (x 86B)
Class Build_gradle$2$1$1                                                              : loaded 2 times (x 74B)
Class jdk.internal.jimage.decompressor.StringSharingDecompressorFactory               : loaded 2 times (x 74B)
Class org.jetbrains.kotlin.metadata.ProtoBuf$Effect$EffectType                        : loaded 2 times (x 82B)
Class org.gradle.internal.classloader.DefaultClassLoaderFactory                       : loaded 2 times (x 82B)
Class org.jetbrains.kotlin.metadata.jvm.deserialization.JvmNameResolver               : loaded 2 times (x 80B)
Class org.jetbrains.org.objectweb.asm.ClassVisitor                                    : loaded 2 times (x 88B)
Class kotlin.sequences.SequencesKt___SequencesKt                                      : loaded 2 times (x 71B)
Class kotlin.collections.AbstractList$Companion                                       : loaded 2 times (x 71B)
Class org.gradle.internal.classloader.ClassLoaderVisitor                              : loaded 2 times (x 76B)
Class org.jetbrains.kotlin.metadata.deserialization.Flags$EnumLiteFlagField           : loaded 2 times (x 76B)
Class org.jetbrains.kotlin.metadata.ProtoBuf$Type$Argument$1                          : loaded 2 times (x 144B)
Class org.jetbrains.kotlin.metadata.jvm.JvmProtoBuf$StringTableTypesOrBuilder         : loaded 2 times (x 70B)
Class org.jetbrains.org.objectweb.asm.tree.FrameNode                                  : loaded 2 times (x 79B)
Class org.jetbrains.org.objectweb.asm.ClassReader                                     : loaded 2 times (x 92B)
Class org.gradle.api.internal.classpath.EffectiveClassPath                            : loaded 2 times (x 90B)
Class org.jetbrains.kotlin.metadata.ProtoBuf$EnumEntry                                : loaded 2 times (x 118B)
Class [Lorg.jetbrains.kotlin.descriptors.CallableMemberDescriptor$Kind;               : loaded 2 times (x 69B)
Class kotlin.text.StringsKt__AppendableKt                                             : loaded 2 times (x 71B)
Class [Lkotlin.reflect.KCallable;                                                     : loaded 2 times (x 69B)
Class org.jetbrains.kotlin.util.ModuleVisibilityHelper                                : loaded 2 times (x 70B)
Class org.jetbrains.kotlin.descriptors.DescriptorVisibilities$1                       : loaded 2 times (x 79B)
Class org.jetbrains.kotlin.protobuf.CodedOutputStream$ByteBufferOutputStream          : loaded 2 times (x 86B)
Class org.gradle.api.internal.DefaultClassPathProvider                                : loaded 2 times (x 76B)
Class org.jetbrains.kotlin.descriptors.DescriptorVisibilities$2                       : loaded 2 times (x 79B)
Class org.jetbrains.kotlin.metadata.ProtoBuf$Modality                                 : loaded 2 times (x 82B)
Class org.jetbrains.kotlin.metadata.jvm.JvmProtoBuf$JvmFieldSignature                 : loaded 2 times (x 108B)
Class org.jetbrains.kotlin.protobuf.ExtensionRegistryLite                             : loaded 2 times (x 74B)
Class kotlin.sequences.Sequence                                                       : loaded 2 times (x 70B)
Class kotlin.text.StringsKt__StringNumberConversionsJVMKt                             : loaded 2 times (x 71B)
Class [Lorg.gradle.api.internal.ClassPathProvider;                                    : loaded 2 times (x 69B)
Class org.gradle.api.internal.ClassPathProvider                                       : loaded 2 times (x 70B)
Class org.jetbrains.kotlin.metadata.jvm.deserialization.ClassMapperLite               : loaded 2 times (x 71B)
Class org.jetbrains.kotlin.descriptors.DescriptorVisibilities$3                       : loaded 2 times (x 79B)
Class org.jetbrains.kotlin.metadata.ProtoBuf$MemberKind                               : loaded 2 times (x 82B)
Class org.jetbrains.kotlin.metadata.jvm.deserialization.JvmNameResolverBase$Companion : loaded 2 times (x 71B)
Class org.jetbrains.kotlin.load.java.JvmAnnotationNames                               : loaded 2 times (x 71B)
Class org.jetbrains.kotlin.cli.common.CompilerSystemProperties                        : loaded 2 times (x 80B)
Class jdk.internal.jrtfs.SystemImage                                                  : loaded 2 times (x 74B)
Class org.gradle.internal.service.UnknownServiceException                             : loaded 2 times (x 83B)
Class org.jetbrains.kotlin.descriptors.DescriptorVisibilities$4                       : loaded 2 times (x 79B)
Class [Lorg.jetbrains.kotlin.protobuf.WireFormat$JavaType;                            : loaded 2 times (x 69B)
Class org.jetbrains.org.objectweb.asm.tree.TableSwitchInsnNode                        : loaded 2 times (x 79B)
Class kotlin.sequences.SequencesKt__SequenceBuilderKt                                 : loaded 2 times (x 71B)
Class org.jetbrains.kotlin.descriptors.DescriptorVisibilities$5                       : loaded 2 times (x 79B)
Class org.jetbrains.kotlin.metadata.jvm.JvmProtoBuf$JvmPropertySignatureOrBuilder     : loaded 2 times (x 70B)
Class org.jetbrains.kotlin.protobuf.GeneratedMessageLite$ExtendableMessage            : loaded 2 times (x 113B)
Class org.jetbrains.kotlin.cli.common.messages.CompilerMessageSeverity                : loaded 2 times (x 79B)
Class org.jetbrains.kotlin.metadata.ProtoBuf$Annotation$Argument$Value                : loaded 2 times (x 127B)
Class org.jetbrains.kotlin.descriptors.DescriptorVisibilities$6                       : loaded 2 times (x 79B)
Class org.jetbrains.kotlin.protobuf.CodedOutputStream$OutOfSpaceException             : loaded 2 times (x 82B)
Class kotlin.collections.ArraysKt___ArraysJvmKt                                       : loaded 2 times (x 71B)
Class kotlin.collections.CollectionsKt__CollectionsKt                                 : loaded 2 times (x 71B)
Class kotlin.text.StringsKt__RegexExtensionsJVMKt                                     : loaded 2 times (x 71B)
Class org.jetbrains.kotlin.descriptors.DescriptorVisibilities$7                       : loaded 2 times (x 79B)
Class kotlin._Assertions                                                              : loaded 2 times (x 71B)
Class jdk.internal.jimage.ImageReader$LinkNode                                        : loaded 2 times (x 84B)
Class org.gradle.internal.classpath.TransformedClassPath                              : loaded 2 times (x 96B)
Class org.gradle.internal.classloader.InstrumentingClassLoader                        : loaded 2 times (x 70B)
Class kotlin.jvm.internal.FunctionReference                                           : loaded 2 times (x 122B)
Class kotlin.jvm.internal.FunctionBase                                                : loaded 2 times (x 70B)
Class org.jetbrains.kotlin.descriptors.DescriptorVisibilities$8                       : loaded 2 times (x 79B)
Class org.jetbrains.kotlin.metadata.ProtoBuf$MemberKind$1                             : loaded 2 times (x 74B)
Class org.jetbrains.kotlin.metadata.jvm.JvmProtoBuf$StringTableTypes$RecordOrBuilder  : loaded 2 times (x 70B)
Class [Lorg.jetbrains.org.objectweb.asm.SymbolTable$Entry;                            : loaded 2 times (x 69B)
Class org.jetbrains.kotlin.resolve.jvm.JvmClassName                                   : loaded 2 times (x 76B)
Class kotlin.enums.EnumEntriesList                                                    : loaded 2 times (x 223B)
Class org.jetbrains.kotlin.com.google.common.base.Preconditions                       : loaded 2 times (x 71B)
Class jdk.internal.jrtfs.SystemImage$1                                                : loaded 2 times (x 78B)
Class org.jetbrains.kotlin.protobuf.GeneratedMessageLite$ExtendableBuilder            : loaded 2 times (x 138B)
Class org.jetbrains.kotlin.descriptors.DescriptorVisibilities$9                       : loaded 2 times (x 79B)
Class org.jetbrains.kotlin.metadata.jvm.JvmProtoBuf$StringTableTypes                  : loaded 2 times (x 110B)
Class kotlin.comparisons.ComparisonsKt___ComparisonsJvmKt                             : loaded 2 times (x 71B)
Class kotlin.collections.CollectionsKt__IteratorsJVMKt                                : loaded 2 times (x 71B)
Class jdk.internal.jrtfs.SystemImage$2                                                : loaded 2 times (x 76B)
Class org.jetbrains.kotlin.utils.CollectionsKt                                        : loaded 2 times (x 71B)
Class org.jetbrains.kotlin.metadata.jvm.JvmProtoBuf$StringTableTypes$1                : loaded 2 times (x 144B)
Class org.jetbrains.kotlin.metadata.ProtoBuf$PropertyOrBuilder                        : loaded 2 times (x 70B)
Class org.jetbrains.kotlin.metadata.ProtoBuf$Constructor$1                            : loaded 2 times (x 144B)
Class org.jetbrains.org.objectweb.asm.tree.LabelNode                                  : loaded 2 times (x 80B)
Class org.jetbrains.kotlin.build.report.metrics.GradleBuildTime                       : loaded 2 times (x 86B)
Class org.gradle.internal.service.ServiceLocator                                      : loaded 2 times (x 70B)
Class kotlin.Pair                                                                     : loaded 2 times (x 72B)
Class [Lkotlin.Function;                                                              : loaded 2 times (x 69B)
Class org.jetbrains.kotlin.load.kotlin.header.ReadKotlinClassHeaderAnnotationVisitor$CollectStringArrayAnnotationVisitor: loaded 2 times (x 85B)
Class jdk.internal.jrtfs.JrtFileSystemProvider                                        : loaded 2 times (x 101B)
Class [Lorg.jetbrains.org.objectweb.asm.tree.AbstractInsnNode;                        : loaded 2 times (x 69B)
Class kotlin.io.CloseableKt                                                           : loaded 2 times (x 71B)
Class kotlin.collections.CollectionsKt__MutableCollectionsKt                          : loaded 2 times (x 71B)
Class kotlin.reflect.KCallable                                                        : loaded 2 times (x 70B)
Class org.jetbrains.kotlin.metadata.deserialization.ProtoBufUtilKt                    : loaded 2 times (x 71B)
Class kotlin.io.TerminateException                                                    : loaded 2 times (x 82B)
Class kotlin.io.FilesKt__FilePathComponentsKt                                         : loaded 2 times (x 71B)
Class org.gradle.kotlin.dsl.Accessorse8w47d3slt021lb0cbtcdsmobKt                      : loaded 2 times (x 71B)
Class org.jetbrains.kotlin.protobuf.AbstractMessageLite$Builder                       : loaded 2 times (x 122B)
Class org.jetbrains.kotlin.protobuf.Internal$EnumLiteMap                              : loaded 2 times (x 70B)
Class org.jetbrains.org.objectweb.asm.tree.InsnList                                   : loaded 2 times (x 103B)
Class org.jetbrains.kotlin.protobuf.GeneratedMessageLite                              : loaded 2 times (x 101B)
Class [Lorg.jetbrains.org.objectweb.asm.Attribute;                                    : loaded 2 times (x 69B)
Class org.jetbrains.kotlin.cli.common.messages.MessageCollector$Companion             : loaded 2 times (x 71B)
Class org.jetbrains.kotlin.descriptors.Visibilities$Unknown                           : loaded 2 times (x 79B)
Class org.jetbrains.kotlin.descriptors.Visibilities$Inherited                         : loaded 2 times (x 79B)
Class org.jetbrains.org.objectweb.asm.tree.MethodInsnNode                             : loaded 2 times (x 79B)
Class org.jetbrains.kotlin.protobuf.Parser                                            : loaded 2 times (x 70B)
Class org.jetbrains.org.objectweb.asm.tree.MethodNode                                 : loaded 2 times (x 110B)
Class org.jetbrains.kotlin.load.kotlin.KotlinJvmBinaryClass                           : loaded 2 times (x 70B)
Class [Lorg.jetbrains.kotlin.build.report.metrics.BuildTime;                          : loaded 2 times (x 69B)
Class kotlin.io.FilesKt__FileTreeWalkKt                                               : loaded 2 times (x 71B)
Class jdk.internal.jimage.ImageLocation                                               : loaded 2 times (x 90B)
Class jdk.internal.jrtfs.JrtDirectoryStream$1                                         : loaded 2 times (x 83B)
Class [Lorg.jetbrains.kotlin.metadata.ProtoBuf$VersionRequirement$Level;              : loaded 2 times (x 69B)
Class org.jetbrains.kotlin.protobuf.WireFormat$JavaType                               : loaded 2 times (x 79B)
Class org.jetbrains.org.objectweb.asm.ClassTooLargeException                          : loaded 2 times (x 83B)
Class org.jetbrains.kotlin.metadata.jvm.deserialization.JvmMemberSignature$Method     : loaded 2 times (x 75B)
Class org.gradle.internal.InternalTransformer                                         : loaded 2 times (x 70B)
Class org.jetbrains.kotlin.descriptors.Visibilities$PrivateToThis                     : loaded 2 times (x 79B)
Class org.jetbrains.kotlin.protobuf.SmallSortedMap$1                                  : loaded 2 times (x 130B)
Class org.jetbrains.org.objectweb.asm.tree.IntInsnNode                                : loaded 2 times (x 78B)
Class kotlin.collections.MapsKt__MapsJVMKt                                            : loaded 2 times (x 71B)
Class kotlin.collections.EmptyList                                                    : loaded 2 times (x 174B)
Class jdk.internal.jimage.ImageBufferCache$1                                          : loaded 2 times (x 83B)
Class org.gradle.internal.classloader.ClasspathUtil$1                                 : loaded 2 times (x 76B)
Class org.jetbrains.kotlin.metadata.ProtoBuf$Effect$EffectType$1                      : loaded 2 times (x 74B)
Class org.jetbrains.kotlin.metadata.ProtoBuf$EffectOrBuilder                          : loaded 2 times (x 70B)
Class org.jetbrains.kotlin.protobuf.BoundedByteString                                 : loaded 2 times (x 112B)
Class jdk.internal.jimage.ImageBufferCache$2                                          : loaded 2 times (x 91B)
Class org.gradle.api.internal.classpath.DefaultModuleRegistry$DefaultModule           : loaded 2 times (x 86B)
Class org.jetbrains.org.objectweb.asm.tree.TryCatchBlockNode                          : loaded 2 times (x 74B)
Class org.jetbrains.kotlin.metadata.ProtoBuf$Annotation$Argument$Value$1              : loaded 2 times (x 144B)
Class org.jetbrains.kotlin.descriptors.Visibilities$InvisibleFake                     : loaded 2 times (x 79B)
Class org.jetbrains.kotlin.protobuf.UninitializedMessageException                     : loaded 2 times (x 84B)
Class org.jetbrains.kotlin.metadata.jvm.deserialization.JvmNameResolverKt             : loaded 2 times (x 71B)
Class org.jetbrains.kotlin.metadata.ProtoBuf$TypeParameter$Variance                   : loaded 2 times (x 82B)
Class org.jetbrains.kotlin.name.ClassId                                               : loaded 2 times (x 72B)
Class [Lorg.jetbrains.kotlin.metadata.ProtoBuf$Effect$InvocationKind;                 : loaded 2 times (x 69B)
Class org.jetbrains.kotlin.metadata.ProtoBuf$VersionRequirement$VersionKind           : loaded 2 times (x 82B)
Class org.jetbrains.kotlin.descriptors.Named                                          : loaded 2 times (x 70B)
Class org.jetbrains.kotlin.serialization.deserialization.ProtoEnumFlagsUtilsKt        : loaded 2 times (x 71B)
Class org.jetbrains.kotlin.metadata.ProtoBuf$Visibility$1                             : loaded 2 times (x 74B)
Class org.jetbrains.kotlin.metadata.jvm.JvmProtoBuf$StringTableTypes$Record$Operation$1: loaded 2 times (x 74B)
Class kotlin.collections.IndexingIterable                                             : loaded 2 times (x 79B)
Class org.jetbrains.kotlin.metadata.deserialization.NameResolver                      : loaded 2 times (x 70B)
Class org.jetbrains.kotlin.protobuf.GeneratedMessageLite$ExtensionDescriptor          : loaded 2 times (x 84B)
Class org.jetbrains.org.objectweb.asm.tree.JumpInsnNode                               : loaded 2 times (x 78B)
Class org.jetbrains.kotlin.protobuf.InvalidProtocolBufferException                    : loaded 2 times (x 84B)
Class org.jetbrains.org.objectweb.asm.FieldVisitor                                    : loaded 2 times (x 77B)
Class kotlin.collections.ArraysKt__ArraysKt                                           : loaded 2 times (x 71B)
Class org.jetbrains.kotlin.protobuf.ByteString$ByteIterator                           : loaded 2 times (x 70B)
Class kotlin.collections.SetsKt__SetsJVMKt                                            : loaded 2 times (x 71B)
Class kotlin.Function                                                                 : loaded 2 times (x 70B)
Class org.gradle.api.internal.classpath.Module                                        : loaded 2 times (x 70B)
Class kotlin.internal.ProgressionUtilKt                                               : loaded 2 times (x 71B)
Class org.jetbrains.kotlin.metadata.deserialization.Flags$FlagField                   : loaded 2 times (x 73B)
Class kotlin.io.FileAlreadyExistsException                                            : loaded 2 times (x 82B)
Class org.gradle.api.internal.classpath.UnknownModuleException                        : loaded 2 times (x 82B)
Class org.jetbrains.kotlin.metadata.ProtoBuf$TypeAliasOrBuilder                       : loaded 2 times (x 70B)
Class [Lorg.jetbrains.kotlin.metadata.ProtoBuf$Class$Kind;                            : loaded 2 times (x 69B)
Class org.jetbrains.kotlin.config.ApiVersion                                          : loaded 2 times (x 86B)
Class org.jetbrains.kotlin.cli.common.arguments.K2JVMCompilerArguments$Companion      : loaded 2 times (x 71B)
Class jdk.internal.jimage.ImageHeader                                                 : loaded 2 times (x 71B)
Class kotlin.collections.IndexingIterator                                             : loaded 2 times (x 79B)
Class org.jetbrains.kotlin.protobuf.LiteralByteString                                 : loaded 2 times (x 112B)
Class org.jetbrains.kotlin.protobuf.LazyFieldLite                                     : loaded 2 times (x 82B)
Class org.jetbrains.kotlin.build.report.metrics.BuildMetricsReporter                  : loaded 2 times (x 70B)
Class [Lkotlin.reflect.KAnnotatedElement;                                             : loaded 2 times (x 69B)
Class org.jetbrains.org.objectweb.asm.FieldWriter                                     : loaded 2 times (x 78B)
Class org.jetbrains.org.objectweb.asm.tree.VarInsnNode                                : loaded 2 times (x 78B)
Class org.jetbrains.org.objectweb.asm.MethodVisitor                                   : loaded 2 times (x 105B)
Class kotlin.io.ByteStreamsKt                                                         : loaded 2 times (x 71B)
Class org.jetbrains.kotlin.cli.common.arguments.CommonToolArguments$Companion         : loaded 2 times (x 71B)
Class org.gradle.api.internal.DefaultClassPathRegistry                                : loaded 2 times (x 76B)
Class org.jetbrains.kotlin.metadata.ProtoBuf$Type$Argument$Projection$1               : loaded 2 times (x 74B)
Class org.jetbrains.kotlin.protobuf.SmallSortedMap$EmptySet$1                         : loaded 2 times (x 78B)
Class org.jetbrains.kotlin.protobuf.AbstractMessageLite$Builder$LimitedInputStream    : loaded 2 times (x 92B)
Class org.jetbrains.kotlin.cli.common.messages.MessageCollector                       : loaded 2 times (x 70B)
Class org.gradle.api.internal.ClassPathRegistry                                       : loaded 2 times (x 70B)
Class org.gradle.internal.classpath.DefaultClassPath$ImmutableUniqueList              : loaded 2 times (x 199B)
Class org.jetbrains.kotlin.descriptors.Visibilities$Protected                         : loaded 2 times (x 79B)
Class org.jetbrains.kotlin.metadata.ProtoBuf$PackageOrBuilder                         : loaded 2 times (x 70B)
Class org.jetbrains.kotlin.metadata.jvm.JvmProtoBuf$JvmPropertySignature              : loaded 2 times (x 114B)
Class org.jetbrains.kotlin.metadata.ProtoBuf$ValueParameterOrBuilder                  : loaded 2 times (x 70B)
Class org.jetbrains.org.objectweb.asm.ByteVector                                      : loaded 2 times (x 78B)
Class org.jetbrains.kotlin.protobuf.SmallSortedMap$EmptySet$2                         : loaded 2 times (x 78B)
Class kotlin.text.StringsKt__StringsJVMKt                                             : loaded 2 times (x 71B)
Class jdk.internal.jimage.decompressor.ResourceDecompressor                           : loaded 2 times (x 70B)
Class org.jetbrains.kotlin.descriptors.DeclarationDescriptor                          : loaded 2 times (x 70B)
Class org.jetbrains.kotlin.descriptors.DescriptorVisibilities                         : loaded 2 times (x 71B)
Class [Lorg.jetbrains.org.objectweb.asm.AnnotationWriter;                             : loaded 2 times (x 69B)
Class org.jetbrains.org.objectweb.asm.tree.LookupSwitchInsnNode                       : loaded 2 times (x 78B)
Class org.jetbrains.kotlin.load.kotlin.KotlinJvmBinaryClass$AnnotationArrayArgumentVisitor: loaded 2 times (x 70B)
Class kotlin.collections.SetsKt                                                       : loaded 2 times (x 71B)
Class kotlin.text.StringsKt__IndentKt                                                 : loaded 2 times (x 71B)
Class org.jetbrains.kotlin.load.kotlin.FileBasedKotlinClass$OuterAndInnerName         : loaded 2 times (x 72B)
Class org.gradle.internal.classpath.ClassPath                                         : loaded 2 times (x 70B)
Class org.gradle.api.UncheckedIOException                                             : loaded 2 times (x 82B)
Class kotlin.reflect.KFunction                                                        : loaded 2 times (x 70B)
Class org.jetbrains.kotlin.metadata.deserialization.TypeTable                         : loaded 2 times (x 72B)
Class org.jetbrains.kotlin.load.kotlin.FileBasedKotlinClass$1                         : loaded 2 times (x 88B)
Class kotlin.sequences.SequencesKt__SequencesKt$asSequence$$inlined$Sequence$1        : loaded 2 times (x 75B)
Class org.jetbrains.kotlin.metadata.ProtoBuf$Type$ArgumentOrBuilder                   : loaded 2 times (x 70B)
Class org.jetbrains.kotlin.protobuf.GeneratedMessageLite$GeneratedExtension           : loaded 2 times (x 79B)
Class org.jetbrains.kotlin.load.kotlin.FileBasedKotlinClass$2                         : loaded 2 times (x 88B)
Class kotlin.collections.MapsKt__MapsKt                                               : loaded 2 times (x 71B)
Class org.jetbrains.kotlin.cli.common.arguments.Freezable                             : loaded 2 times (x 72B)
Class org.jetbrains.kotlin.metadata.ProtoBuf$Class                                    : loaded 2 times (x 183B)
Class org.jetbrains.kotlin.metadata.ProtoBuf$Property$1                               : loaded 2 times (x 144B)
Class org.jetbrains.kotlin.metadata.ProtoBuf$Type                                     : loaded 2 times (x 145B)
Class org.jetbrains.org.objectweb.asm.ClassWriter                                     : loaded 2 times (x 106B)
Class org.jetbrains.kotlin.load.kotlin.FileBasedKotlinClass$3                         : loaded 2 times (x 78B)
Class Build_gradle$2$1                                                                : loaded 2 times (x 74B)
Class jdk.internal.jimage.ImageStringsReader                                          : loaded 2 times (x 80B)
Class org.jetbrains.kotlin.load.kotlin.FileBasedKotlinClass$4                         : loaded 2 times (x 88B)
Class kotlin.UninitializedPropertyAccessException                                     : loaded 2 times (x 82B)
Class org.jetbrains.kotlin.metadata.ProtoBuf$Annotation$Argument                      : loaded 2 times (x 108B)
Class org.jetbrains.org.objectweb.asm.tree.LocalVariableNode                          : loaded 2 times (x 73B)
Class org.jetbrains.kotlin.metadata.ProtoBuf$Class$Kind                               : loaded 2 times (x 82B)
Class org.jetbrains.kotlin.protobuf.GeneratedMessageLite$Builder                      : loaded 2 times (x 128B)
Class org.jetbrains.kotlin.protobuf.WireFormat$FieldType$1                            : loaded 2 times (x 83B)
Class org.jetbrains.kotlin.metadata.jvm.JvmProtoBuf$JvmMethodSignatureOrBuilder       : loaded 2 times (x 70B)
Class org.jetbrains.kotlin.protobuf.ByteString                                        : loaded 2 times (x 108B)
Class [Lorg.jetbrains.kotlin.cli.common.messages.CompilerMessageSeverity;             : loaded 2 times (x 69B)
Class org.jetbrains.org.objectweb.asm.TypeReference                                   : loaded 2 times (x 80B)
Class org.jetbrains.kotlin.metadata.ProtoBuf$TypeParameter                            : loaded 2 times (x 130B)
Class org.jetbrains.kotlin.metadata.ProtoBuf$ValueParameter$1                         : loaded 2 times (x 144B)
Class [Lorg.jetbrains.kotlin.protobuf.WireFormat$FieldType;                           : loaded 2 times (x 69B)
Class org.jetbrains.kotlin.protobuf.WireFormat$FieldType$2                            : loaded 2 times (x 83B)
Class jdk.internal.jimage.ImageReader$SharedImageReader                               : loaded 2 times (x 95B)
Class org.gradle.internal.installation.GradleInstallation$1                           : loaded 2 times (x 75B)
Class org.gradle.api.internal.classpath.ModuleRegistry                                : loaded 2 times (x 70B)
Class org.jetbrains.kotlin.protobuf.WireFormat$FieldType$3                            : loaded 2 times (x 83B)
Class org.jetbrains.org.objectweb.asm.AnnotationVisitor                               : loaded 2 times (x 78B)
Class jdk.internal.jimage.decompressor.ResourceDecompressorFactory                    : loaded 2 times (x 74B)
Class [Lorg.jetbrains.kotlin.metadata.ProtoBuf$Annotation$Argument$Value$Type;        : loaded 2 times (x 69B)
Class org.jetbrains.kotlin.metadata.ProtoBuf$VersionRequirement$Level                 : loaded 2 times (x 82B)
Class org.jetbrains.kotlin.metadata.ProtoBuf$VersionRequirementOrBuilder              : loaded 2 times (x 70B)
Class org.jetbrains.kotlin.descriptors.Visibilities$Internal                          : loaded 2 times (x 79B)
Class org.jetbrains.kotlin.metadata.ProtoBuf$Contract$1                               : loaded 2 times (x 144B)
Class org.jetbrains.kotlin.metadata.ProtoBuf$Type$1                                   : loaded 2 times (x 144B)
Class org.jetbrains.kotlin.protobuf.WireFormat$FieldType$4                            : loaded 2 times (x 83B)
Class org.jetbrains.kotlin.metadata.jvm.JvmProtoBuf$JvmMethodSignature$1              : loaded 2 times (x 144B)
Class org.jetbrains.kotlin.load.kotlin.FileBasedKotlinClass$3$1                       : loaded 2 times (x 78B)
Class org.jetbrains.kotlin.name.FqNameUnsafe                                          : loaded 2 times (x 72B)
Class org.jetbrains.kotlin.metadata.ProtoBuf$Expression                               : loaded 2 times (x 120B)
Class kotlin.io.FilesKt__UtilsKt                                                      : loaded 2 times (x 71B)
Class kotlin.collections.CollectionsKt__CollectionsJVMKt                              : loaded 2 times (x 71B)
Class jdk.internal.jimage.ImageReader$Node                                            : loaded 2 times (x 84B)
Class org.gradle.api.internal.classpath.DefaultModuleRegistry                         : loaded 2 times (x 86B)
Class org.jetbrains.kotlin.metadata.ProtoBuf$Annotation$Argument$1                    : loaded 2 times (x 144B)
Class org.jetbrains.kotlin.metadata.deserialization.Flags$BooleanFlagField            : loaded 2 times (x 76B)
Class kotlin.collections.IndexedValue                                                 : loaded 2 times (x 72B)
Class org.jetbrains.kotlin.metadata.ProtoBuf$Function$1                               : loaded 2 times (x 144B)
Class org.jetbrains.org.objectweb.asm.AnnotationWriter                                : loaded 2 times (x 79B)
Class org.jetbrains.kotlin.metadata.jvm.deserialization.JvmProtoBufUtil               : loaded 2 times (x 71B)
Class org.jetbrains.kotlin.load.kotlin.KotlinJvmBinaryClass$AnnotationVisitor         : loaded 2 times (x 70B)
Class kotlin.sequences.SequencesKt                                                    : loaded 2 times (x 71B)
Class kotlin.collections.CollectionsKt__IteratorsKt                                   : loaded 2 times (x 71B)
Class org.jetbrains.kotlin.build.report.metrics.GradleBuildTime$Companion             : loaded 2 times (x 71B)
Class jdk.internal.jimage.BasicImageReader$1                                          : loaded 2 times (x 77B)
Class kotlin.text.StringsKt                                                           : loaded 2 times (x 71B)
Class org.jetbrains.kotlin.descriptors.Visibilities$Private                           : loaded 2 times (x 79B)
Class kotlin.LazyKt__LazyJVMKt                                                        : loaded 2 times (x 71B)
Class org.jetbrains.kotlin.metadata.ProtoBuf$VersionRequirement$VersionKind$1         : loaded 2 times (x 74B)
Class org.jetbrains.kotlin.metadata.ProtoBuf$Annotation$1                             : loaded 2 times (x 144B)
Class org.jetbrains.kotlin.protobuf.AbstractParser                                    : loaded 2 times (x 144B)
Class kotlin.io.FilesKt__FileReadWriteKt                                              : loaded 2 times (x 71B)
Class kotlin.text.StringsKt__StringNumberConversionsKt                                : loaded 2 times (x 71B)
Class org.jetbrains.kotlin.cli.common.CompilerSystemProperties$value$1                : loaded 2 times (x 125B)
Class jdk.internal.jimage.decompressor.Decompressor                                   : loaded 2 times (x 72B)
Class jdk.internal.jimage.ImageReader$Resource                                        : loaded 2 times (x 84B)
Class org.gradle.internal.service.ServiceLookupException                              : loaded 2 times (x 82B)
Class org.jetbrains.kotlin.metadata.ProtoBuf$Expression$ConstantValue                 : loaded 2 times (x 82B)
Class [Lorg.jetbrains.kotlin.protobuf.Internal$EnumLite;                              : loaded 2 times (x 69B)
Class jdk.internal.jrtfs.JrtFileAttributes                                            : loaded 2 times (x 83B)
Class org.gradle.internal.classloader.ClassLoaderFactory                              : loaded 2 times (x 70B)
Class org.gradle.internal.service.CachingServiceLocator                               : loaded 2 times (x 82B)
Class kotlin.jvm.internal.CallableReference                                           : loaded 2 times (x 106B)
Class org.jetbrains.kotlin.descriptors.Visibilities$Public                            : loaded 2 times (x 79B)
Class org.jetbrains.kotlin.protobuf.ExtensionRegistryLite$ObjectIntPair               : loaded 2 times (x 72B)
Class org.jetbrains.kotlin.metadata.ProtoBuf$Class$1                                  : loaded 2 times (x 144B)
Class org.jetbrains.kotlin.load.kotlin.header.ReadKotlinClassHeaderAnnotationVisitor$KotlinMetadataArgumentVisitor$1: loaded 2 times (x 85B)
Class org.jetbrains.kotlin.metadata.ProtoBuf$VersionRequirement$1                     : loaded 2 times (x 144B)
Class org.jetbrains.kotlin.metadata.jvm.JvmProtoBuf$StringTableTypes$Record$1         : loaded 2 times (x 144B)
Class org.jetbrains.kotlin.load.kotlin.header.ReadKotlinClassHeaderAnnotationVisitor$KotlinMetadataArgumentVisitor$2: loaded 2 times (x 85B)
Class org.jetbrains.org.objectweb.asm.tree.AnnotationNode                             : loaded 2 times (x 80B)
Class org.jetbrains.kotlin.build.report.metrics.BuildTime                             : loaded 2 times (x 70B)
Class org.jetbrains.kotlin.descriptors.CallableMemberDescriptor$Kind                  : loaded 2 times (x 79B)
Class org.jetbrains.kotlin.metadata.ProtoBuf$TypeParameterOrBuilder                   : loaded 2 times (x 70B)
Class org.jetbrains.kotlin.metadata.ProtoBuf$Property                                 : loaded 2 times (x 151B)
Class org.jetbrains.org.objectweb.asm.Type                                            : loaded 2 times (x 72B)
Class org.jetbrains.kotlin.name.FqName                                                : loaded 2 times (x 72B)
Class kotlin.enums.EnumEntries                                                        : loaded 2 times (x 70B)
Class org.jetbrains.kotlin.build.report.metrics.DoNothingBuildMetricsReporter         : loaded 2 times (x 86B)
Class org.jetbrains.kotlin.cli.common.arguments.CommonCompilerArguments$Companion     : loaded 2 times (x 71B)
Class org.jetbrains.kotlin.metadata.jvm.deserialization.UtfEncodingKt                 : loaded 2 times (x 71B)
Class org.jetbrains.kotlin.metadata.jvm.JvmProtoBuf$JvmFieldSignature$1               : loaded 2 times (x 144B)
Class org.jetbrains.kotlin.metadata.ProtoBuf$TypeTable                                : loaded 2 times (x 109B)
Class org.jetbrains.org.objectweb.asm.TypePath                                        : loaded 2 times (x 72B)
Class org.jetbrains.kotlin.metadata.jvm.JvmProtoBuf$JvmMethodSignature                : loaded 2 times (x 108B)
Class org.jetbrains.kotlin.protobuf.MessageLiteOrBuilder                              : loaded 2 times (x 70B)
Class org.jetbrains.kotlin.load.kotlin.header.ReadKotlinClassHeaderAnnotationVisitor$KotlinMetadataArgumentVisitor: loaded 2 times (x 86B)
Class org.jetbrains.kotlin.name.ClassId$Companion                                     : loaded 2 times (x 71B)
Class [Lorg.jetbrains.kotlin.cli.common.CompilerSystemProperties;                     : loaded 2 times (x 69B)
Class org.jetbrains.kotlin.metadata.ProtoBuf$AnnotationOrBuilder                      : loaded 2 times (x 70B)
Class org.jetbrains.kotlin.protobuf.WireFormat$FieldType                              : loaded 2 times (x 83B)
Class org.jetbrains.kotlin.load.kotlin.FileBasedKotlinClass                           : loaded 2 times (x 88B)
Class kotlin.sequences.FilteringSequence$iterator$1                                   : loaded 2 times (x 79B)
Class jdk.internal.jimage.ImageBufferCache                                            : loaded 2 times (x 71B)
Class jdk.internal.jrtfs.JrtPath                                                      : loaded 2 times (x 118B)
Class org.gradle.internal.classloader.ClasspathUtil                                   : loaded 2 times (x 71B)
Class org.jetbrains.kotlin.metadata.ProtoBuf$TypeAlias                                : loaded 2 times (x 140B)
Class [Lorg.jetbrains.kotlin.metadata.ProtoBuf$TypeParameter$Variance;                : loaded 2 times (x 69B)
Class org.jetbrains.kotlin.metadata.ProtoBuf$Constructor                              : loaded 2 times (x 127B)
Class org.jetbrains.kotlin.metadata.jvm.deserialization.JvmMemberSignature            : loaded 2 times (x 74B)
Class org.jetbrains.kotlin.load.kotlin.header.KotlinClassHeader$Kind                  : loaded 2 times (x 79B)
Class org.jetbrains.kotlin.load.kotlin.KotlinJvmBinaryClass$AnnotationArgumentVisitor : loaded 2 times (x 70B)
Class kotlin.io.FileSystemException                                                   : loaded 2 times (x 82B)
Class kotlin.jvm.internal.DefaultConstructorMarker                                    : loaded 2 times (x 71B)
Class org.jetbrains.kotlin.resolve.scopes.receivers.ReceiverValue                     : loaded 2 times (x 70B)
Class org.jetbrains.kotlin.metadata.jvm.JvmProtoBuf$JvmMethodSignature$Builder        : loaded 2 times (x 134B)
Class org.jetbrains.kotlin.metadata.ProtoBuf$VersionRequirementTableOrBuilder         : loaded 2 times (x 70B)
Class org.jetbrains.kotlin.metadata.jvm.JvmProtoBuf$JvmFieldSignatureOrBuilder        : loaded 2 times (x 70B)
Class org.jetbrains.org.objectweb.asm.ModuleVisitor                                   : loaded 2 times (x 81B)
Class org.gradle.api.specs.Spec                                                       : loaded 2 times (x 70B)
Class org.jetbrains.kotlin.descriptors.DelegatedDescriptorVisibility                  : loaded 2 times (x 79B)
Class org.jetbrains.kotlin.serialization.deserialization.ProtoEnumFlagsUtilsKt$WhenMappings: loaded 2 times (x 71B)
Class org.jetbrains.kotlin.load.kotlin.header.KotlinClassHeader                       : loaded 2 times (x 72B)
Class org.jetbrains.kotlin.name.Name                                                  : loaded 2 times (x 75B)
Class jdk.internal.jimage.ImageReader$SharedImageReader$LocationVisitor               : loaded 2 times (x 70B)
Class org.jetbrains.kotlin.metadata.deserialization.Flags                             : loaded 2 times (x 71B)
Class org.jetbrains.kotlin.metadata.ProtoBuf$TypeTable$1                              : loaded 2 times (x 144B)
Class org.jetbrains.org.objectweb.asm.Symbol                                          : loaded 2 times (x 73B)
Class org.jetbrains.kotlin.metadata.ProtoBuf$Function                                 : loaded 2 times (x 152B)
Class kotlin.collections.EmptyIterator                                                : loaded 2 times (x 89B)
Class kotlin.SynchronizedLazyImpl                                                     : loaded 2 times (x 76B)
Class kotlin.text.StringsKt__RegexExtensionsKt                                        : loaded 2 times (x 71B)
Class org.jetbrains.kotlin.metadata.ProtoBuf$ContractOrBuilder                        : loaded 2 times (x 70B)
Class jdk.internal.jimage.decompressor.ResourceDecompressorRepository                 : loaded 2 times (x 71B)
Class org.jetbrains.kotlin.metadata.ProtoBuf$Effect$InvocationKind                    : loaded 2 times (x 82B)
Class org.jetbrains.kotlin.metadata.ProtoBuf$VersionRequirementTable                  : loaded 2 times (x 107B)
Class org.jetbrains.kotlin.protobuf.LazyField                                         : loaded 2 times (x 83B)
Class org.jetbrains.kotlin.load.kotlin.header.ReadKotlinClassHeaderAnnotationVisitor  : loaded 2 times (x 80B)
Class kotlin.sequences.SequencesKt__SequencesJVMKt                                    : loaded 2 times (x 71B)
Class kotlin.collections.AbstractList                                                 : loaded 2 times (x 197B)
Class kotlin.collections.AbstractCollection                                           : loaded 2 times (x 117B)
Class [Lorg.jetbrains.kotlin.metadata.ProtoBuf$Visibility;                            : loaded 2 times (x 69B)
Class jdk.internal.jimage.ImageReader$Directory                                       : loaded 2 times (x 84B)
Class org.jetbrains.kotlin.metadata.ProtoBuf$Expression$ConstantValue$1               : loaded 2 times (x 74B)
Class kotlin.collections.ArrayAsCollection                                            : loaded 2 times (x 105B)
Class org.jetbrains.kotlin.descriptors.DescriptorVisibilities$10                      : loaded 2 times (x 76B)
Class org.jetbrains.kotlin.metadata.ProtoBuf$TypeParameter$1                          : loaded 2 times (x 144B)
Class org.jetbrains.org.objectweb.asm.tree.LineNumberNode                             : loaded 2 times (x 79B)
Class kotlin.LazyKt__LazyKt                                                           : loaded 2 times (x 71B)
Class kotlin.text.StringsKt__StringBuilderJVMKt                                       : loaded 2 times (x 71B)
Class kotlin.jvm.internal.CollectionToArray                                           : loaded 2 times (x 71B)
Class org.jetbrains.kotlin.com.google.common.base.Function                            : loaded 2 times (x 70B)
Class org.jetbrains.kotlin.descriptors.DescriptorVisibilities$11                      : loaded 2 times (x 76B)
Class org.jetbrains.kotlin.metadata.deserialization.BinaryVersion$Companion           : loaded 2 times (x 71B)
Class kotlin.UNINITIALIZED_VALUE                                                      : loaded 2 times (x 71B)
Class org.gradle.internal.classloader.FilteringClassLoader                            : loaded 2 times (x 105B)
Class org.gradle.internal.classloader.VisitableURLClassLoader$InstrumentingVisitableURLClassLoader: loaded 2 times (x 123B)
Class org.jetbrains.kotlin.descriptors.DescriptorVisibilities$12                      : loaded 2 times (x 76B)
Class org.jetbrains.kotlin.metadata.ProtoBuf$ClassOrBuilder                           : loaded 2 times (x 70B)
Class org.jetbrains.kotlin.metadata.ProtoBuf$ValueParameter                           : loaded 2 times (x 128B)
Class kotlin.comparisons.ComparisonsKt__ComparisonsKt                                 : loaded 2 times (x 71B)
Class kotlin.ranges.RangesKt__RangesKt                                                : loaded 2 times (x 71B)
Class kotlin.collections.SetsKt___SetsKt                                              : loaded 2 times (x 71B)
Class kotlin.sequences.SequencesKt__SequencesKt                                       : loaded 2 times (x 71B)
Class kotlin.text.StringsKt__StringsKt                                                : loaded 2 times (x 71B)
Class org.gradle.internal.classloader.VisitableURLClassLoader$Spec                    : loaded 2 times (x 74B)
Class org.gradle.internal.classpath.DefaultClassPath                                  : loaded 2 times (x 90B)
Class org.jetbrains.kotlin.metadata.ProtoBuf$Annotation$Argument$ValueOrBuilder       : loaded 2 times (x 70B)
Class org.jetbrains.kotlin.metadata.ProtoBuf$TypeAlias$1                              : loaded 2 times (x 144B)
Class org.jetbrains.org.objectweb.asm.Handler                                         : loaded 2 times (x 72B)
Class kotlin.comparisons.ComparisonsKt                                                : loaded 2 times (x 71B)
Class kotlin.comparisons.ComparisonsKt___ComparisonsKt                                : loaded 2 times (x 71B)
Class kotlin.sequences.FilteringSequence                                              : loaded 2 times (x 75B)
Class [Lorg.jetbrains.kotlin.build.report.metrics.GradleBuildTime;                    : loaded 2 times (x 69B)
Class kotlin.NotImplementedError                                                      : loaded 2 times (x 82B)
Class jdk.internal.jimage.decompressor.ZipDecompressorFactory                         : loaded 2 times (x 74B)
Class org.jetbrains.kotlin.metadata.ProtoBuf$Effect$1                                 : loaded 2 times (x 144B)
Class org.jetbrains.kotlin.metadata.ProtoBuf$Visibility                               : loaded 2 times (x 82B)
Class org.jetbrains.kotlin.metadata.ProtoBuf$ConstructorOrBuilder                     : loaded 2 times (x 70B)
Class org.jetbrains.kotlin.metadata.jvm.JvmProtoBuf                                   : loaded 2 times (x 71B)
Class Build_gradle$7                                                                  : loaded 2 times (x 74B)
Class org.jetbrains.kotlin.config.ApiVersion$Companion                                : loaded 2 times (x 71B)
Class org.gradle.internal.classloader.ClassLoaderSpec                                 : loaded 2 times (x 71B)
Class kotlin.jvm.internal.FunctionReferenceImpl                                       : loaded 2 times (x 122B)
Class org.jetbrains.kotlin.descriptors.DeclarationDescriptorWithVisibility            : loaded 2 times (x 70B)
Class org.jetbrains.kotlin.protobuf.SmallSortedMap                                    : loaded 2 times (x 130B)
Class org.jetbrains.org.objectweb.asm.tree.AbstractInsnNode                           : loaded 2 times (x 78B)
Class kotlin.collections.CollectionsKt___CollectionsJvmKt                             : loaded 2 times (x 71B)
Class kotlin.TuplesKt                                                                 : loaded 2 times (x 71B)
Class org.jetbrains.kotlin.protobuf.SmallSortedMap$EmptySet                           : loaded 2 times (x 71B)
Class org.jetbrains.kotlin.protobuf.MessageLite                                       : loaded 2 times (x 70B)
Class org.jetbrains.kotlin.load.kotlin.header.KotlinClassHeader$Kind$Companion        : loaded 2 times (x 71B)
Class kotlin.Unit                                                                     : loaded 2 times (x 71B)
Class kotlin.sequences.SequencesKt___SequencesJvmKt                                   : loaded 2 times (x 71B)
Class org.jetbrains.kotlin.cli.common.ModuleVisibilityHelperImpl                      : loaded 2 times (x 74B)
Class kotlin.ranges.RangesKt                                                          : loaded 2 times (x 71B)
Class org.gradle.internal.classloader.VisitableURLClassLoader                         : loaded 2 times (x 117B)
Class kotlin.collections.ArraysUtilJVM                                                : loaded 2 times (x 71B)
Class kotlin.jvm.functions.Function0                                                  : loaded 2 times (x 70B)
Class Settings_gradle                                                                 : loaded 2 times (x 128B)
Class org.gradle.internal.Cast                                                        : loaded 2 times (x 71B)
Class org.gradle.api.Action                                                           : loaded 2 times (x 70B)
Class [Lorg.jetbrains.kotlin.metadata.ProtoBuf$VersionRequirement$VersionKind;        : loaded 2 times (x 69B)
Class org.jetbrains.kotlin.protobuf.CodedOutputStream                                 : loaded 2 times (x 72B)
Class org.jetbrains.kotlin.metadata.ProtoBuf$Annotation                               : loaded 2 times (x 109B)
Class org.jetbrains.org.objectweb.asm.tree.TypeInsnNode                               : loaded 2 times (x 78B)
Class kotlin.jvm.functions.Function1                                                  : loaded 2 times (x 70B)
Class jdk.internal.jimage.decompressor.ZipDecompressor                                : loaded 2 times (x 75B)
Class [Lorg.jetbrains.kotlin.metadata.jvm.JvmProtoBuf$StringTableTypes$Record$Operation;: loaded 2 times (x 69B)
Class [Lorg.jetbrains.kotlin.load.kotlin.header.KotlinClassHeader$Kind;               : loaded 2 times (x 69B)
Class kotlin.jvm.functions.Function2                                                  : loaded 2 times (x 70B)
Class org.jetbrains.kotlin.descriptors.SourceElement                                  : loaded 2 times (x 70B)
Class org.gradle.internal.classpath.DefaultClassPath$ImmutableUniqueList$Builder      : loaded 2 times (x 75B)
Class org.jetbrains.kotlin.serialization.deserialization.ProtoEnumFlags               : loaded 2 times (x 71B)
Class org.jetbrains.kotlin.protobuf.Internal$EnumLite                                 : loaded 2 times (x 70B)
Class kotlin.jvm.functions.Function3                                                  : loaded 2 times (x 70B)
Class kotlin.collections.MapsKt___MapsJvmKt                                           : loaded 2 times (x 71B)
Class org.jetbrains.kotlin.protobuf.RopeByteString                                    : loaded 2 times (x 110B)
Class kotlin.collections.EmptySet                                                     : loaded 2 times (x 122B)
Class org.jetbrains.kotlin.metadata.jvm.deserialization.JvmNameResolverBase           : loaded 2 times (x 80B)
Class org.jetbrains.org.objectweb.asm.tree.IincInsnNode                               : loaded 2 times (x 78B)
Class org.jetbrains.org.objectweb.asm.tree.MultiANewArrayInsnNode                     : loaded 2 times (x 79B)
Class kotlin.collections.CollectionsKt___CollectionsKt                                : loaded 2 times (x 71B)
Class org.jetbrains.kotlin.cli.common.arguments.K2JVMCompilerArguments                : loaded 2 times (x 81B)
Class org.gradle.api.GradleException                                                  : loaded 2 times (x 82B)
Class kotlin.reflect.KDeclarationContainer                                            : loaded 2 times (x 70B)
Class org.jetbrains.org.objectweb.asm.SymbolTable$Entry                               : loaded 2 times (x 74B)
Class org.jetbrains.org.objectweb.asm.tree.LocalVariableAnnotationNode                : loaded 2 times (x 82B)
Class org.jetbrains.kotlin.metadata.deserialization.BinaryVersion                     : loaded 2 times (x 74B)
Class kotlin.text.StringsKt___StringsJvmKt                                            : loaded 2 times (x 71B)
Class jdk.internal.jimage.ImageStrings                                                : loaded 2 times (x 70B)
Class org.jetbrains.kotlin.metadata.ProtoBuf$EnumEntry$1                              : loaded 2 times (x 144B)
Class org.jetbrains.kotlin.metadata.ProtoBuf$Type$Argument$Projection                 : loaded 2 times (x 82B)
Class org.jetbrains.org.objectweb.asm.tree.InvokeDynamicInsnNode                      : loaded 2 times (x 78B)
Class kotlin.collections.MapsKt___MapsKt                                              : loaded 2 times (x 71B)
Class kotlin.io.FilesKt                                                               : loaded 2 times (x 71B)
Class kotlin.collections.ArraysKt___ArraysKt                                          : loaded 2 times (x 71B)
Class org.jetbrains.kotlin.metadata.jvm.JvmProtoBuf$JvmPropertySignature$Builder      : loaded 2 times (x 141B)
Class [Lorg.jetbrains.org.objectweb.asm.Symbol;                                       : loaded 2 times (x 69B)
Class kotlin.collections.MapsKt__MapWithDefaultKt                                     : loaded 2 times (x 71B)
Class org.jetbrains.kotlin.cli.common.arguments.CommonCompilerArguments               : loaded 2 times (x 80B)
Class org.jetbrains.kotlin.metadata.ProtoBuf$VersionRequirementTable$1                : loaded 2 times (x 144B)
Class org.jetbrains.kotlin.metadata.ProtoBuf$Contract                                 : loaded 2 times (x 107B)
Class kotlin.collections.CollectionsKt__MutableCollectionsJVMKt                       : loaded 2 times (x 71B)
Class kotlin.enums.EnumEntriesKt                                                      : loaded 2 times (x 71B)
Class kotlin.text.StringsKt___StringsKt                                               : loaded 2 times (x 71B)
Class org.jetbrains.kotlin.metadata.ProtoBuf$TypeParameter$Variance$1                 : loaded 2 times (x 74B)
Class org.gradle.internal.IoActions                                                   : loaded 2 times (x 71B)
Class org.jetbrains.kotlin.metadata.jvm.deserialization.JvmNameResolverBase$WhenMappings: loaded 2 times (x 71B)
Class org.jetbrains.kotlin.descriptors.Visibilities$Local                             : loaded 2 times (x 79B)
Class org.jetbrains.kotlin.protobuf.WireFormat                                        : loaded 2 times (x 71B)
Class org.jetbrains.kotlin.metadata.jvm.deserialization.BitEncoding                   : loaded 2 times (x 71B)
Class org.jetbrains.org.objectweb.asm.Attribute                                       : loaded 2 times (x 75B)
Class org.jetbrains.org.objectweb.asm.Label                                           : loaded 2 times (x 72B)
Class org.gradle.internal.classloader.SystemClassLoaderSpec                           : loaded 2 times (x 71B)
Class [Lorg.jetbrains.kotlin.metadata.ProtoBuf$Effect$EffectType;                     : loaded 2 times (x 69B)
Class kotlin.reflect.KAnnotatedElement                                                : loaded 2 times (x 70B)
Class org.jetbrains.org.objectweb.asm.Frame                                           : loaded 2 times (x 73B)
Class kotlin.jvm.internal.Intrinsics                                                  : loaded 2 times (x 71B)
Class org.jetbrains.kotlin.metadata.ProtoBuf$Type$Argument                            : loaded 2 times (x 110B)
Class org.jetbrains.kotlin.load.kotlin.FileBasedKotlinClass$InnerClassesInfo          : loaded 2 times (x 74B)
Class kotlin.collections.MapsKt                                                       : loaded 2 times (x 71B)
Class kotlin.collections.CollectionsKt__IterablesKt                                   : loaded 2 times (x 71B)
Class jdk.internal.jimage.ImageReader                                                 : loaded 2 times (x 75B)
Class jdk.internal.jrtfs.JrtFileSystem                                                : loaded 2 times (x 102B)
Class org.jetbrains.kotlin.resolve.scopes.receivers.Receiver                          : loaded 2 times (x 70B)
Class org.jetbrains.kotlin.metadata.ProtoBuf$Modality$1                               : loaded 2 times (x 74B)
Class org.jetbrains.org.objectweb.asm.tree.TypeAnnotationNode                         : loaded 2 times (x 81B)
Class kotlin.KotlinNullPointerException                                               : loaded 2 times (x 83B)
Class Build_gradle$6$1                                                                : loaded 2 times (x 79B)
Class org.jetbrains.kotlin.cli.common.CompilerSystemProperties$Companion              : loaded 2 times (x 71B)
Class jdk.internal.jimage.decompressor.CompressedResourceHeader                       : loaded 2 times (x 71B)
Class org.jetbrains.kotlin.metadata.ProtoBuf$VersionRequirement                       : loaded 2 times (x 116B)
Class kotlin.ranges.RangesKt___RangesKt                                               : loaded 2 times (x 71B)
Class org.jetbrains.org.objectweb.asm.Opcodes                                         : loaded 2 times (x 70B)
Class org.jetbrains.kotlin.descriptors.annotations.Annotated                          : loaded 2 times (x 70B)
Class [Lorg.jetbrains.org.objectweb.asm.AnnotationVisitor;                            : loaded 2 times (x 69B)
Class org.jetbrains.kotlin.descriptors.SourceElement$1                                : loaded 2 times (x 74B)
Class kotlin.collections.ArraysKt                                                     : loaded 2 times (x 71B)
Class org.jetbrains.kotlin.cli.common.arguments.CommonToolArguments                   : loaded 2 times (x 73B)
Class org.jetbrains.kotlin.metadata.ProtoBuf$Expression$1                             : loaded 2 times (x 144B)
Class org.jetbrains.kotlin.descriptors.DescriptorVisibility                           : loaded 2 times (x 78B)
Class kotlin.collections.SetsKt__SetsKt                                               : loaded 2 times (x 71B)
Class kotlin.LazyKt                                                                   : loaded 2 times (x 71B)
Class org.jetbrains.kotlin.metadata.ProtoBuf$ExpressionOrBuilder                      : loaded 2 times (x 70B)
Class [Lorg.jetbrains.kotlin.metadata.ProtoBuf$Type$Argument$Projection;              : loaded 2 times (x 69B)
Class org.jetbrains.org.objectweb.asm.RecordComponentWriter                           : loaded 2 times (x 78B)
Class kotlin.collections.ArraysKt__ArraysJVMKt                                        : loaded 2 times (x 71B)
Class org.jetbrains.kotlin.cli.common.messages.MessageCollector$Companion$NONE$1      : loaded 2 times (x 76B)
Class org.jetbrains.kotlin.metadata.ProtoBuf$EnumEntryOrBuilder                       : loaded 2 times (x 70B)
Class kotlin.jvm.internal.CallableReference$NoReceiver                                : loaded 2 times (x 71B)
Class org.jetbrains.kotlin.descriptors.ValidateableDescriptor                         : loaded 2 times (x 70B)
Class org.jetbrains.kotlin.metadata.jvm.JvmProtoBuf$JvmPropertySignature$1            : loaded 2 times (x 144B)
Class org.jetbrains.org.objectweb.asm.MethodWriter                                    : loaded 2 times (x 106B)
Class kotlin.text.StringsKt__StringBuilderKt                                          : loaded 2 times (x 71B)
Class org.gradle.api.internal.classpath.GlobalCacheRootsProvider                      : loaded 2 times (x 70B)
Class kotlin.Lazy                                                                     : loaded 2 times (x 70B)
Class kotlin.NoWhenBranchMatchedException                                             : loaded 2 times (x 82B)
Class [Lorg.jetbrains.kotlin.metadata.ProtoBuf$Expression$ConstantValue;              : loaded 2 times (x 69B)
Class org.jetbrains.kotlin.metadata.ProtoBuf$Effect                                   : loaded 2 times (x 113B)
Class org.jetbrains.org.objectweb.asm.tree.InsnNode                                   : loaded 2 times (x 78B)
Class [Lkotlin.jvm.functions.Function1;                                               : loaded 2 times (x 69B)
Class org.jetbrains.org.objectweb.asm.RecordComponentVisitor                          : loaded 2 times (x 77B)
Class org.jetbrains.kotlin.descriptors.Visibility                                     : loaded 2 times (x 79B)
Class org.jetbrains.kotlin.protobuf.RopeByteString$RopeInputStream                    : loaded 2 times (x 92B)
Class org.jetbrains.kotlin.protobuf.CodedInputStream                                  : loaded 2 times (x 72B)
Class org.jetbrains.org.objectweb.asm.MethodTooLargeException                         : loaded 2 times (x 83B)
Class org.jetbrains.org.objectweb.asm.Context                                         : loaded 2 times (x 72B)
Class kotlin.sequences.ConstrainedOnceSequence                                        : loaded 2 times (x 75B)
Class org.jetbrains.kotlin.metadata.ProtoBuf$1                                        : loaded 2 times (x 71B)
Class org.jetbrains.kotlin.mpp.DeclarationSymbolMarker                                : loaded 2 times (x 70B)
Class org.jetbrains.org.objectweb.asm.CurrentFrame                                    : loaded 2 times (x 73B)
Class org.jetbrains.kotlin.protobuf.MessageLite$Builder                               : loaded 2 times (x 70B)
Class kotlin.jvm.internal.markers.KMappedMarker                                       : loaded 2 times (x 70B)
Class org.jetbrains.kotlin.metadata.ProtoBuf$Annotation$Argument$Value$Type           : loaded 2 times (x 82B)
Class org.gradle.internal.installation.CurrentGradleInstallationLocator               : loaded 2 times (x 71B)
Class org.jetbrains.kotlin.metadata.ProtoBuf$VersionRequirement$Level$1               : loaded 2 times (x 74B)
Class org.jetbrains.kotlin.protobuf.FieldSet$1                                        : loaded 2 times (x 71B)
Class org.jetbrains.org.objectweb.asm.tree.LdcInsnNode                                : loaded 2 times (x 78B)
Class org.jetbrains.kotlin.cli.common.messages.CompilerMessageSeverity$Companion      : loaded 2 times (x 71B)
Class org.gradle.internal.service.DefaultServiceLocator                               : loaded 2 times (x 83B)
Class org.jetbrains.kotlin.metadata.ProtoBuf$Class$Kind$1                             : loaded 2 times (x 74B)
Class org.jetbrains.kotlin.protobuf.SmallSortedMap$Entry                              : loaded 2 times (x 88B)
Class org.jetbrains.kotlin.metadata.ProtoBuf$Package$1                                : loaded 2 times (x 144B)
Class org.jetbrains.org.objectweb.asm.SymbolTable                                     : loaded 2 times (x 72B)
Class org.jetbrains.org.objectweb.asm.tree.UnsupportedClassVersionException           : loaded 2 times (x 82B)
Class org.jetbrains.kotlin.util.capitalizeDecapitalize.CapitalizeDecapitalizeKt       : loaded 2 times (x 71B)
Class jdk.internal.jrtfs.JrtDirectoryStream                                           : loaded 2 times (x 89B)
Class org.gradle.internal.installation.CurrentGradleInstallation                      : loaded 2 times (x 73B)
Class org.jetbrains.kotlin.metadata.ProtoBuf$Annotation$ArgumentOrBuilder             : loaded 2 times (x 70B)
Class org.jetbrains.org.objectweb.asm.ModuleWriter                                    : loaded 2 times (x 82B)
Class org.jetbrains.kotlin.protobuf.FieldSet$FieldDescriptorLite                      : loaded 2 times (x 70B)
Class org.jetbrains.kotlin.protobuf.AbstractMessageLite                               : loaded 2 times (x 98B)
Class org.gradle.util.internal.GUtil                                                  : loaded 2 times (x 71B)
Class org.jetbrains.kotlin.metadata.jvm.JvmProtoBuf$StringTableTypes$Record           : loaded 2 times (x 119B)
Class [Lorg.jetbrains.org.objectweb.asm.Label;                                        : loaded 2 times (x 69B)
Class org.jetbrains.kotlin.protobuf.FieldSet                                          : loaded 2 times (x 72B)
Class kotlin.io.NoSuchFileException                                                   : loaded 2 times (x 82B)
Class kotlin.collections.CollectionsKt                                                : loaded 2 times (x 71B)
Class org.jetbrains.kotlin.metadata.ProtoBuf$Annotation$Argument$Value$Type$1         : loaded 2 times (x 74B)
Class [Lorg.jetbrains.kotlin.metadata.ProtoBuf$MemberKind;                            : loaded 2 times (x 69B)
Class org.jetbrains.kotlin.metadata.ProtoBuf$Package                                  : loaded 2 times (x 129B)
Class org.jetbrains.kotlin.metadata.ProtoBuf$TypeTableOrBuilder                       : loaded 2 times (x 70B)
Class org.jetbrains.kotlin.metadata.ProtoBuf$TypeOrBuilder                            : loaded 2 times (x 70B)
Class org.gradle.internal.installation.GradleInstallation                             : loaded 2 times (x 75B)
Class org.jetbrains.kotlin.metadata.deserialization.ProtoTypeTableUtilKt              : loaded 2 times (x 71B)
Class [Lorg.jetbrains.kotlin.descriptors.DescriptorVisibility;                        : loaded 2 times (x 69B)
Class kotlin.collections.CollectionsKt__IteratorsJVMKt$iterator$1                     : loaded 2 times (x 79B)
Class jdk.internal.jimage.decompressor.ResourceDecompressor$StringsProvider           : loaded 2 times (x 70B)
Class org.jetbrains.kotlin.metadata.ProtoBuf$Annotation$Builder                       : loaded 2 times (x 136B)
Class kotlin.jvm.KotlinReflectionNotSupportedError                                    : loaded 2 times (x 82B)
Class org.jetbrains.kotlin.metadata.jvm.JvmProtoBuf$StringTableTypes$Record$Operation : loaded 2 times (x 82B)

---------------  S Y S T E M  ---------------

OS:
 Windows 11 , 64 bit Build 26100 (10.0.26100.8246)
OS uptime: 12 days 23:41 hours
Hyper-V role detected

CPU: total 8 (initial active 8) (4 cores per cpu, 2 threads per core) family 6 model 142 stepping 12 microcode 0x100, cx8, cmov, fxsr, ht, mmx, 3dnowpref, sse, sse2, sse3, ssse3, sse4.1, sse4.2, popcnt, lzcnt, tsc, tscinvbit, avx, avx2, aes, erms, clmul, bmi1, bmi2, adx, fma, vzeroupper, clflush, clflushopt, hv, rdtscp, f16c
Processor Information for processor 0
  Max Mhz: 2112, Current Mhz: 1609, Mhz Limit: 1605
Processor Information for processor 1
  Max Mhz: 2112, Current Mhz: 1508, Mhz Limit: 1605
Processor Information for processor 2
  Max Mhz: 2112, Current Mhz: 1508, Mhz Limit: 1605
Processor Information for processor 3
  Max Mhz: 2112, Current Mhz: 1609, Mhz Limit: 1605
Processor Information for processor 4
  Max Mhz: 2112, Current Mhz: 1609, Mhz Limit: 1605
Processor Information for processor 5
  Max Mhz: 2112, Current Mhz: 1609, Mhz Limit: 1605
Processor Information for processor 6
  Max Mhz: 2112, Current Mhz: 1508, Mhz Limit: 1605
Processor Information for processor 7
  Max Mhz: 2112, Current Mhz: 1508, Mhz Limit: 1605

Memory: 4k page, system-wide physical 16221M (1118M free)
TotalPageFile size 28803M (AvailPageFile size 557M)
current process WorkingSet (physical memory assigned to process): 855M, peak: 860M
current process commit charge ("private bytes"): 1009M, peak: 1571M

vm_info: OpenJDK 64-Bit Server VM (21.0.10+-14961533-b1163.108) for windows-amd64 JRE (21.0.10+-14961533-b1163.108), built on 2026-03-02T19:58:50Z by "builder" with MS VC++ 16.10 / 16.11 (VS2019)

END.
